,open,low,high,close
2010-01-04,3322.2731,3302.4092,3335.8491,3318.4866
2010-01-05,3322.1378,3302.6575,3335.5394,3318.9019
2010-01-06,3322.2774,3303.0157,3335.0253,3318.4676
2010-01-07,3321.6785,3303.21,3334.5607,3318.6887
2010-01-08,3321.7918,3303.7851,3334.0455,3318.8502
2010-01-11,3322.2897,3303.9908,3334.5067,3319.1502
2010-01-12,3321.739,3303.7961,3334.1405,3318.2161
2010-01-13,3321.2152,3303.5865,3333.5971,3317.3275
2010-01-14,3320.6681,3303.0457,3332.446,3316.3847
2010-01-15,3320.3916,3299.7752,3331.595,3313.0001
2010-01-19,3318.2261,3297.9569,3331.9074,3313.9269
2010-01-20,3321.0444,3300.0078,3340.229,3321.8329
2010-01-21,3162.512,3142.4713,3180.873,3163.3396
2010-01-22,3011.7992,2992.5634,3029.2826,3012.4498
2010-01-25,2868.369,2849.9125,2885.0137,2868.8591
2010-01-26,2731.8305,2714.2031,2747.6803,2732.2318
2010-01-27,2602.1451,2585.2132,2617.2218,2602.4332
2010-01-28,2478.7205,2462.6072,2493.1617,2479.0828
2010-01-29,2361.4439,2346.1103,2375.3387,2361.8802
2010-02-01,2250.0461,2235.3059,2263.2734,2250.3451
2010-02-02,2143.9805,2129.9207,2156.5854,2144.2556
2010-02-03,2043.0756,2029.6392,2055.0695,2043.2851
2010-02-04,1947.0133,1934.1471,1958.4222,1947.1546
2010-02-05,1855.5615,1843.2916,1866.4841,1855.7602
2010-02-08,1768.6555,1756.9325,1779.0702,1768.8563
2010-02-09,1686.0245,1674.8333,1695.9312,1686.2062
2010-02-10,1607.4155,1596.7561,1616.8414,1607.5825
2010-02-11,1532.6392,1522.4826,1541.7174,1532.9048
2010-02-12,1461.6397,1451.8528,1470.3097,1461.8802
2010-02-16,1394.0417,1384.7209,1402.3024,1394.2787
2010-02-17,1329.7635,1320.8535,1337.6247,1329.9846
2010-02-18,1268.6136,1260.1222,1276.1162,1268.8459
2010-02-19,1210.4676,1202.3845,1217.7374,1210.7919
2010-02-22,1155.2877,1147.5521,1162.2424,1155.6099
2010-02-23,1102.8005,1095.4266,1109.453,1103.0997
2010-02-24,1052.8853,1045.8356,1059.2358,1053.1767
2010-02-25,1005.3797,998.6548,1011.4389,1005.6754
2010-02-26,960.2231,953.7985,966.0116,960.5269
2010-03-01,917.2849,911.1322,922.8862,917.6675
2010-03-02,876.5535,870.6257,881.903,876.8433
2010-03-03,837.7636,832.0952,842.9394,838.1168
2010-03-04,800.9507,795.5257,805.8853,801.2662
2010-03-05,765.939,760.7596,770.6421,766.2464
2010-03-08,732.6527,727.6811,737.1264,732.907
2010-03-09,700.9452,696.1854,705.2041,701.1784
2010-03-10,670.7791,666.2081,674.8449,670.978
2010-03-11,642.0455,637.6813,645.9447,642.2649
2010-03-12,614.7569,610.5598,618.4766,614.9466
2010-03-15,588.7795,584.7676,592.3314,588.9575
2010-03-16,564.0722,560.2297,567.4621,564.2425
2010-03-17,540.5804,536.9019,543.8122,540.7429
2010-03-18,518.235,514.7116,521.3116,518.3823
2010-03-19,496.9582,493.5939,499.9296,497.0982
2010-03-22,476.6944,473.4771,479.5613,476.8676
2010-03-23,457.4629,454.3661,460.19,457.6219
2010-03-24,439.1457,436.1531,441.7418,439.2715
2010-03-25,421.7079,418.8461,424.207,421.829
2010-03-26,405.1212,402.3634,407.5213,405.2178
2010-03-29,389.3367,386.7134,391.6403,389.4389
2010-03-30,374.3222,371.8216,376.5271,374.4224
2010-03-31,360.0236,357.6259,362.135,360.1223
2010-04-01,346.442,344.1334,348.4675,346.5383
2010-04-05,333.5384,331.2976,335.4666,333.593
2010-04-06,321.2195,319.0646,323.0546,321.267
2010-04-07,309.4922,307.379,311.2393,309.4954
2010-04-08,298.2706,296.2439,299.9466,298.2849
2010-04-09,287.6145,285.6715,289.2443,287.6608
2010-04-12,277.526,275.6451,279.0905,277.5544
2010-04-13,267.9008,266.0868,269.4124,267.9395
2010-04-14,258.7622,257.0226,260.224,258.8152
2010-04-15,250.0802,248.3776,251.4716,250.0959
2010-04-16,241.7763,239.9455,243.1183,241.7361
2010-04-19,233.7955,232.0252,235.1414,233.8212
2010-04-20,226.2869,224.5762,227.5793,226.3182
2010-04-21,219.1607,217.4315,220.3901,219.1256
2010-04-22,212.287,210.5983,213.4857,212.2746
2010-04-23,205.7638,204.1276,206.9298,205.7709
2010-04-26,199.5797,198.0214,200.722,199.5987
2010-04-27,193.6646,192.0969,194.7683,193.6032
2010-04-28,187.9736,186.4776,189.0566,187.9235
2010-04-29,182.5949,181.1684,183.6461,182.5658
2010-04-30,177.4878,176.087,178.515,177.4162
2010-05-03,172.6201,171.276,173.6421,172.5881
2010-05-04,168.007,166.6425,168.9791,167.9062
2010-05-05,163.5091,162.197,164.4913,163.4572
2010-05-06,159.2603,157.7728,160.2357,159.1222
2010-05-07,155.1135,153.6243,156.1193,154.9899
2010-05-10,151.3065,149.8685,152.3232,151.2455
2010-05-11,147.7028,146.3071,148.7367,147.6535
2010-05-12,144.2875,142.9365,145.313,144.2558
2010-05-13,141.0486,139.7284,142.0343,140.9882
2010-05-14,137.9316,136.586,138.8721,137.8292
2010-05-17,134.9135,133.5828,135.8311,134.8283
2010-05-18,132.0572,130.7373,132.9788,131.9328
2010-05-19,129.2764,127.9823,130.214,129.1961
2010-05-20,126.5995,125.2637,127.5016,126.4197
2010-05-21,123.8941,122.5679,124.8552,123.8143
2010-05-24,121.3778,120.0377,122.3027,121.2273
2010-05-25,118.8662,117.5227,119.7938,118.764
2010-05-26,116.5547,115.2124,117.437,116.4009
2010-05-27,114.3369,113.06,115.2899,114.3008
2010-05-28,112.2912,110.9864,113.2143,112.1666
2010-06-01,110.2307,108.9846,111.2009,110.1224
2010-06-02,108.2931,107.0912,109.3047,108.275
2010-06-03,106.5422,105.3453,107.5167,106.5221
2010-06-04,104.804,103.6104,105.7476,104.7498
2010-06-07,103.1204,101.9611,104.0516,103.0566
2010-06-08,101.5145,100.383,102.5301,101.5729
2010-06-09,100.1172,98.9673,101.1174,100.121
2010-06-10,98.7608,97.6664,99.8044,98.8517
2010-06-11,97.5334,96.4754,98.5812,97.6594
2010-06-14,96.4279,95.4078,97.4685,96.5502
2010-06-15,95.3987,94.4025,96.4856,95.6087
2010-06-16,94.4944,93.5288,95.5614,94.7258
2010-06-17,93.6761,92.7498,94.7682,93.97
2010-06-18,92.9822,92.0869,94.0468,93.2851
2010-06-21,92.3538,91.4558,93.3836,92.6278
2010-06-22,91.7287,90.8536,92.7463,91.9888
2010-06-23,91.1298,90.2173,92.1192,91.3621
2010-06-24,90.5317,89.6213,91.5158,90.7522
2010-06-25,89.9863,89.1154,91.0467,90.3204
2010-06-28,89.5606,88.7142,90.5742,89.8667
2010-06-29,89.1089,88.2671,90.1277,89.3869
2010-06-30,88.6548,87.8336,89.6717,88.9139
2010-07-01,88.2111,87.3505,89.1838,88.421
2010-07-02,87.7642,86.8295,88.71,87.8756
2010-07-06,87.2684,86.3364,88.2314,87.3729
2010-07-07,86.8046,85.8887,87.8294,87.0093
2010-07-08,86.4536,85.5395,87.4436,86.6386
2010-07-09,86.1032,85.2152,87.0732,86.3026
2010-07-12,85.7845,84.8954,86.7184,85.9693
2010-07-13,85.4902,84.6127,86.4019,85.6713
2010-07-14,85.2184,84.3414,86.0857,85.3629
2010-07-15,84.939,84.0549,85.7883,85.0872
2010-07-16,84.6639,83.7108,85.4782,84.6975
2010-07-19,84.3081,83.3561,85.1061,84.3372
2010-07-20,83.9224,83.0119,84.7838,84.0398
2010-07-21,83.6588,82.6801,84.487,83.6783
2010-07-22,83.3574,82.4152,84.193,83.4184
2010-07-23,83.1063,82.1911,83.9363,83.1887
2010-07-26,82.8933,82.0003,83.7165,82.9707
2010-07-27,82.6986,81.8198,83.4854,82.7531
2010-07-28,82.485,81.6115,83.254,82.5125
2010-07-29,82.2891,81.3988,83.0362,82.2943
2010-07-30,82.0453,81.1983,82.812,82.0907
2010-08-02,81.886,81.0696,82.6738,81.9848
2010-08-03,81.7862,80.9965,82.5473,81.8797
2010-08-04,81.6986,80.9381,82.4645,81.8251
2010-08-05,81.6255,80.887,82.3867,81.7765
2010-08-06,81.5554,80.7857,82.3064,81.7128
2010-08-09,81.52,80.7395,82.2378,81.6634
2010-08-10,81.4439,80.6586,82.1501,81.5691
2010-08-11,81.3208,80.5001,81.9964,81.3706
2010-08-12,81.1101,80.3118,81.7766,81.1584
2010-08-13,80.9057,80.1376,81.5709,80.9448
2010-08-16,80.6907,79.9377,81.3602,80.7446
2010-08-17,80.5336,79.7944,81.2055,80.5877
2010-08-18,80.3954,79.6796,81.1213,80.5001
2010-08-19,80.3044,79.5664,81.0008,80.3557
2010-08-20,80.1359,79.4339,80.8617,80.2276
2010-08-23,80.0259,79.3254,80.7246,80.0814
2010-08-24,79.849,79.1788,80.5678,79.9106
2010-08-25,79.6729,79.0052,80.3957,79.7588
2010-08-26,79.5479,78.8586,80.2403,79.5935
2010-08-27,79.4168,78.7518,80.169,79.5538
2010-08-30,79.3584,78.7088,80.112,79.4732
2010-08-31,79.2829,78.6489,80.0592,79.4393
2010-09-01,79.2837,78.6655,80.1041,79.5111
2010-09-02,79.3557,78.7414,80.1654,79.593
2010-09-03,79.454,78.8242,80.2378,79.6914
2010-09-07,79.524,78.9162,80.3004,79.745
2010-09-08,79.6029,79.0222,80.3711,79.8398
2010-09-09,79.7188,79.1504,80.4715,79.9603
2010-09-10,79.8384,79.2924,80.5812,80.095
2010-09-13,79.9916,79.4605,80.7172,80.2533
2010-09-14,80.1511,79.6283,80.8569,80.3897
2010-09-15,80.2891,79.7606,80.9878,80.5404
2010-09-16,80.4418,79.9152,81.1123,80.6867
2010-09-17,80.6081,80.052,81.2605,80.7859
2010-09-20,80.7169,80.187,81.3795,80.9188
2010-09-21,80.8522,80.3155,81.499,81.0247
2010-09-22,80.9658,80.4152,81.5956,81.0928
2010-09-23,81.0191,80.4428,81.6524,81.1
2010-09-24,81.0714,80.5187,81.8577,81.2083
2010-09-27,81.1947,80.63,81.9558,81.2893
2010-09-28,81.2755,80.7022,82.0258,81.3762
2010-09-29,81.343,80.7753,82.0894,81.4281
2010-09-30,81.4155,80.8599,82.1714,81.4891
2010-10-01,81.5075,80.9316,82.2352,81.5487
2010-10-04,81.5515,80.9583,82.2652,81.5761
2010-10-05,81.6021,80.997,82.3367,81.6665
2010-10-06,81.683,81.0859,82.3954,81.7579
2010-10-07,81.7877,81.1588,82.4663,81.8268
2010-10-08,81.8669,81.2305,82.5128,81.8918
2010-10-11,81.9246,81.2964,82.5512,81.9434
2010-10-12,81.9595,81.3453,82.5902,82.0096
2010-10-13,82.0356,81.4363,82.6526,82.0901
2010-10-14,82.1212,81.5218,82.7403,82.1643
2010-10-15,82.2182,81.5925,82.814,82.2231
2010-10-18,82.2671,81.6665,82.8718,82.2854
2010-10-19,82.2984,81.6833,82.899,82.289
2010-10-20,82.3107,81.7109,82.9157,82.3198
2010-10-21,82.336,81.7494,82.9432,82.3535
2010-10-22,82.3718,81.7899,82.9669,82.4016
2010-10-25,82.4279,81.8626,83.0173,82.4469
2010-10-26,82.4558,81.8327,83.0219,82.4358
2010-10-27,82.4174,81.7497,82.9584,82.3438
2010-10-28,82.3522,81.6677,82.8677,82.2344
2010-10-29,82.2394,81.5239,82.7366,82.1039
2010-11-01,82.1185,81.4291,82.667,81.9964
2010-11-02,82.0307,81.3594,82.5667,81.9195
2010-11-03,81.9702,81.3048,82.5146,81.8878
2010-11-04,81.979,81.3236,82.5427,81.9401
2010-11-05,82.0112,81.379,82.604,82.0269
2010-11-08,82.0619,81.4039,82.6365,82.0412
2010-11-09,82.072,81.3647,82.6255,81.9831
2010-11-10,82.0022,81.3294,82.6032,81.9805
2010-11-11,81.9679,81.3084,82.5543,81.939
2010-11-12,81.9183,81.2524,82.4765,81.8567
2010-11-15,81.8481,81.1947,82.404,81.7754
2010-11-16,81.7609,81.1204,82.3014,81.6844
2010-11-17,81.6813,81.0423,82.2052,81.5793
2010-11-18,81.6091,80.9929,82.145,81.5442
2010-11-19,81.556,80.9591,82.0906,81.5064
2010-11-22,81.4854,80.8977,82.0154,81.4329
2010-11-23,81.3881,80.8061,81.9122,81.3186
2010-11-24,81.3194,80.739,81.836,81.269
2010-11-26,81.2263,80.6736,81.7396,81.1953
2010-11-29,81.1196,80.5832,81.6494,81.1131
2010-11-30,81.0191,80.5084,81.5972,81.0432
2010-12-01,81.0045,80.4958,81.613,81.0255
2010-12-02,81.0014,80.5087,81.6036,81.0448
2010-12-03,80.9916,80.4937,81.5824,81.0377
2010-12-06,80.9788,80.4798,81.573,81.0056
2010-12-07,80.972,80.4462,81.5524,80.9502
2010-12-08,80.9134,80.4,81.503,80.9302
2010-12-09,80.901,80.3732,81.4663,80.9087
2010-12-10,80.88,80.3472,81.4299,80.8976
2010-12-13,80.8693,80.338,81.4031,80.8704
2010-12-14,80.843,80.3172,81.3668,80.8396
2010-12-15,80.7999,80.2763,81.3084,80.7767
2010-12-16,80.7419,80.2238,81.2412,80.733
2010-12-17,80.6925,80.1797,81.1831,80.6948
2010-12-20,80.6563,80.1368,81.1268,80.6399
2010-12-21,80.6096,80.1101,81.1002,80.6326
2010-12-22,80.5999,80.095,81.0826,80.6086
2010-12-23,80.576,80.0743,81.0351,80.5721
2010-12-27,80.5386,80.0502,80.9934,80.552
2010-12-28,80.5192,80.0414,80.9557,80.5245
2010-12-29,80.4904,80.0272,80.912,80.4936
2010-12-30,80.469,79.9912,80.87,80.4402
2010-12-31,80.4105,79.9526,80.8329,80.4241
2011-01-03,80.4148,79.9657,80.8332,80.4234
2011-01-04,80.4107,79.9537,80.8116,80.4111
2011-01-05,80.3902,79.9462,80.8164,80.4354
2011-01-06,80.4165,79.9669,80.8244,80.4322
2011-01-07,80.426,79.9441,80.8183,80.3985
2011-01-10,80.3818,79.9049,80.7769,80.3619
2011-01-11,80.348,79.871,80.74,80.315
2011-01-12,80.3271,79.8631,80.74,80.3358
2011-01-13,80.3468,79.8839,80.7473,80.3565
2011-01-14,80.3606,79.9179,80.7923,80.4196
2011-01-18,80.4172,79.9951,80.8561,80.4879
2011-01-19,80.4851,80.0197,80.9032,80.5089
2011-01-20,80.5014,80.0431,80.9259,80.5197
2011-01-21,80.5345,80.0518,80.9383,80.5163
2011-01-24,80.5743,80.1122,81.0579,80.6346
2011-01-25,80.6848,80.2125,81.1658,80.7621
2011-01-26,80.8139,80.3441,81.2787,80.8747
2011-01-27,80.9078,80.4566,81.3744,80.9799
2011-01-28,81.0211,80.506,81.4708,81.0082
2011-01-31,81.0654,80.5555,81.5117,81.0443
2011-02-01,81.114,80.6289,81.6087,81.1568
2011-02-02,81.2064,80.7153,81.7195,81.2199
2011-02-03,81.2598,80.7882,81.801,81.3077
2011-02-04,81.3398,80.8707,81.8687,81.3985
2011-02-07,81.4344,80.9883,81.9781,81.5303
2011-02-08,81.5601,81.121,82.1084,81.664
2011-02-09,81.6737,81.2297,82.2094,81.7726
2011-02-10,81.775,81.3356,82.3202,81.9032
2011-02-11,81.8967,81.4495,82.449,82.0498
2011-02-14,82.0452,81.6149,82.5978,82.2084
2011-02-15,82.1986,81.7566,82.7389,82.3436
2011-02-16,82.344,81.8958,82.8667,82.4712
2011-02-17,82.4628,82.0277,82.9854,82.5912
2011-02-18,82.59,82.1585,83.0925,82.7111
2011-02-22,82.6666,82.2001,83.1699,82.7335
2011-02-23,82.6975,82.1952,83.1909,82.7397
2011-02-24,82.7045,82.2086,83.225,82.7699
2011-02-25,82.7506,82.2672,83.3238,82.8724
2011-02-28,82.9315,82.4273,83.5348,83.0874
2011-03-01,83.1563,82.5592,83.7336,83.1929
2011-03-02,83.2463,82.6597,83.833,83.282
2011-03-03,83.3708,82.7997,83.9831,83.4487
2011-03-04,83.521,82.9075,84.1136,83.5488
2011-03-07,83.6312,83.0096,84.2183,83.6215
2011-03-08,83.7165,83.1189,84.3282,83.7546
2011-03-09,83.8279,83.2316,84.4224,83.8651
2011-03-10,83.8997,83.3169,84.4774,83.9195
2011-03-11,83.9144,83.3502,84.5283,83.9869
2011-03-14,83.9522,83.3722,84.543,83.9977
2011-03-15,83.8667,83.2887,84.4809,83.9257
2011-03-16,83.8025,83.1726,84.394,83.7805
2011-03-17,83.7248,83.0964,84.3285,83.7293
2011-03-18,83.7324,83.0878,84.3285,83.7171
2011-03-21,83.7484,83.1201,84.371,83.788
2011-03-22,83.8231,83.2069,84.4266,83.8461
2011-03-23,83.8707,83.2383,84.4624,83.8897
2011-03-24,83.9268,83.3111,84.5057,83.9517
2011-03-25,84.0001,83.3847,84.5508,84.0145
2011-03-28,84.0552,83.4313,84.5902,84.0319
2011-03-29,84.0628,83.4468,84.5961,84.065
2011-03-30,84.0997,83.5084,84.6407,84.133
2011-03-31,84.0919,83.5036,84.6309,84.1085
2011-04-01,84.0918,83.4922,84.6045,84.0876
2011-04-04,84.0864,83.4502,84.574,84.0394
2011-04-05,84.0324,83.3721,84.4963,83.9419
2011-04-06,83.943,83.2866,84.3916,83.8466
2011-04-07,83.8395,83.2,84.2856,83.7532
2011-04-08,83.7571,83.1214,84.182,83.6579
2011-04-11,83.6694,83.057,84.0955,83.5897
2011-04-12,83.5782,82.981,84.0045,83.4965
2011-04-13,83.4954,82.8727,83.9033,83.363
2011-04-14,83.3517,82.7516,83.7627,83.2351
2011-04-15,83.2438,82.6539,83.6518,83.1207
2011-04-18,83.0914,82.5138,83.4985,82.9831
2011-04-19,82.9543,82.3911,83.3645,82.862
2011-04-20,82.8736,82.3286,83.293,82.8063
2011-04-21,82.8334,82.2975,83.2495,82.7845
2011-04-25,82.8054,82.2791,83.2129,82.7648
2011-04-26,82.7881,82.283,83.2123,82.7723
2011-04-27,82.795,82.2848,83.2049,82.783
2011-04-28,82.8026,82.3012,83.2095,82.8067
2011-04-29,82.822,82.3377,83.2344,82.8308
2011-05-02,82.8009,82.2978,83.1956,82.7863
2011-05-03,82.7452,82.255,83.1534,82.7636
2011-05-04,82.7279,82.2065,83.1215,82.7059
2011-05-05,82.6529,82.0744,83.0371,82.5573
2011-05-06,82.5528,81.9796,82.9626,82.4428
2011-05-09,82.4341,81.8889,82.8883,82.3592
2011-05-10,82.3622,81.826,82.8133,82.3041
2011-05-11,82.2933,81.734,82.7317,82.1966
2011-05-12,82.1814,81.6372,82.6521,82.1236
2011-05-13,82.1067,81.5349,82.5764,82.003
2011-05-16,81.9815,81.4166,82.4629,81.8799
2011-05-17,81.8463,81.2778,82.3154,81.736
2011-05-18,81.7138,81.1618,82.1873,81.6328
2011-05-19,81.618,81.0519,82.0792,81.518
2011-05-20,81.5006,80.9343,81.9582,81.3815
2011-05-23,81.3371,80.7726,81.7813,81.2112
2011-05-24,81.1743,80.6178,81.608,81.0385
2011-05-25,80.9956,80.4526,81.4584,80.898
2011-05-26,80.8553,80.3086,81.3248,80.7718
2011-05-27,80.735,80.1789,81.1894,80.6385
2011-05-31,80.6226,80.0867,81.086,80.562
2011-06-01,80.5317,79.9366,80.9789,80.3922
2011-06-02,80.3692,79.7939,80.8307,80.2345
2011-06-03,80.18,79.6142,80.6424,80.0401
2011-06-06,79.9678,79.3998,80.4232,79.8109
2011-06-07,79.7596,79.1769,80.2035,79.5694
2011-06-08,79.5138,78.938,79.9531,79.3138
2011-06-09,79.2643,78.7137,79.732,79.1038
2011-06-10,79.05,78.4701,79.4948,78.8578
2011-06-13,78.8075,78.2379,79.2517,78.635
2011-06-14,78.612,78.0629,79.0833,78.463
2011-06-15,78.4241,77.8272,78.8729,78.237
2011-06-16,78.1942,77.6263,78.6908,78.0796
2011-06-17,78.0701,77.506,78.5537,77.9543
2011-06-20,77.9437,77.4052,78.4525,77.8638
2011-06-21,77.8689,77.344,78.3724,77.7968
2011-06-22,77.7977,77.276,78.2806,77.7077
2011-06-23,77.6735,77.1396,78.1567,77.6054
2011-06-24,77.5704,77.0182,78.0407,77.5085
2011-06-27,77.4791,76.9368,77.9597,77.4169
2011-06-28,77.4084,76.8828,77.8846,77.3682
2011-06-29,77.3666,76.8529,77.8444,77.3517
2011-06-30,77.3648,76.8386,77.8276,77.3536
2011-07-01,77.3587,76.8319,77.8453,77.3895
2011-07-05,77.3836,76.8391,77.8518,77.3857
2011-07-06,77.3781,76.8069,77.8234,77.3434
2011-07-07,77.366,76.8095,77.8301,77.3642
2011-07-08,77.3442,76.7881,77.7886,77.3416
2011-07-11,77.2787,76.7014,77.718,77.2405
2011-07-12,77.1709,76.6184,77.6708,77.1693
2011-07-13,77.1192,76.5931,77.6366,77.1279
2011-07-14,77.089,76.5583,77.5904,77.0777
2011-07-15,77.0558,76.4798,77.5328,76.9939
2011-07-18,76.9614,76.3945,77.4268,76.902
2011-07-19,76.8799,76.3347,77.3714,76.8722
2011-07-20,76.8584,76.3096,77.3289,76.8365
2011-07-21,76.8361,76.3111,77.3421,76.861
2011-07-22,76.8567,76.3257,77.3478,76.8702
2011-07-25,76.8106,76.2947,77.2977,76.8234
2011-07-26,76.7608,76.2525,77.2344,76.7593
2011-07-27,76.6754,76.1748,77.1425,76.6584
2011-07-28,76.58,76.0941,77.0609,76.5702
2011-07-29,76.4673,75.9983,76.9599,76.4531
2011-08-01,76.4299,75.9115,76.8984,76.3788
2011-08-02,76.3313,75.7876,76.7931,76.232
2011-08-03,76.1927,75.6443,76.6632,76.1236
2011-08-04,76.056,75.4089,76.507,75.8732
2011-08-05,75.846,75.1475,76.3276,75.6477
2011-08-08,75.5608,74.7262,76.0789,75.2088
2011-08-09,75.2164,74.3532,75.9302,75.0976
2011-08-10,75.0331,74.0145,75.7126,74.7319
2011-08-11,74.7081,73.7304,75.5852,74.5859
2011-08-12,74.6019,73.6006,75.4708,74.4364
2011-08-15,74.4876,73.4991,75.3322,74.3439
2011-08-16,74.3687,73.3655,75.1819,74.2188
2011-08-17,74.2834,73.2901,75.0886,74.1291
2011-08-18,74.0959,73.0491,74.8682,73.9062
2011-08-19,73.8361,72.8111,74.6571,73.6342
2011-08-22,73.6144,72.5618,74.4235,73.3496
2011-08-23,73.3263,72.3198,74.1912,73.1662
2011-08-24,73.1295,72.1588,74.0272,73.0484
2011-08-25,73.0392,71.9852,73.9225,72.8504
2011-08-26,72.8261,71.7879,73.7672,72.7035
2011-08-29,72.7365,71.7382,73.7215,72.6985
2011-08-30,72.7084,71.7417,73.6883,72.6771
2011-08-31,72.7148,71.7568,73.6835,72.6929
2011-09-01,72.739,71.7369,73.6604,72.6283
2011-09-02,72.6005,71.6137,73.5174,72.4694
2011-09-06,72.3546,71.4159,73.2873,72.2694
2011-09-07,72.2212,71.3005,73.1689,72.1929
2011-09-08,72.1192,71.2078,73.0416,72.0571
2011-09-09,71.9568,71.0294,72.8494,71.848
2011-09-12,71.7214,70.8333,72.6738,71.7208
2011-09-13,71.5915,70.7009,72.5204,71.5807
2011-09-14,71.4802,70.5653,72.395,71.4748
2011-09-15,71.4075,70.5109,72.3216,71.4434
2011-09-16,71.3979,70.5128,72.2996,71.4486
2011-09-19,71.3322,70.4536,72.1977,71.3613
2011-09-20,71.2677,70.4159,72.128,71.2813
2011-09-21,71.1966,70.2546,72.0242,71.0832
2011-09-22,70.9757,70.0154,71.7791,70.8352
2011-09-23,70.7291,69.8005,71.5294,70.6174
2011-09-26,70.6399,69.7566,71.5763,70.6892
2011-09-27,70.7589,69.8465,71.7087,70.7566
2011-09-28,70.8312,69.8808,71.7473,70.7577
2011-09-29,70.9033,69.9344,71.7957,70.8529
2011-09-30,70.93,69.9874,71.8261,70.8621
2011-10-03,70.9363,69.988,71.8463,70.8229
2011-10-04,70.8453,69.9432,71.9294,70.9374
2011-10-05,70.9577,70.0206,72.0036,71.0493
2011-10-06,71.0578,70.123,72.0893,71.1752
2011-10-07,71.1828,70.197,72.1698,71.2008
2011-10-10,71.2778,70.323,72.2791,71.3427
2011-10-11,71.395,70.4482,72.3762,71.4435
2011-10-12,71.5225,70.5888,72.5203,71.6029
2011-10-13,71.66,70.7255,72.6227,71.7222
2011-10-14,71.8136,70.873,72.7333,71.8699
2011-10-17,71.9178,70.9548,72.8107,71.9197
2011-10-18,71.9692,71.0477,72.9419,72.0734
2011-10-19,72.1053,71.1859,73.0789,72.1727
2011-10-20,72.2168,71.3344,73.2214,72.3531
2011-10-21,72.4159,71.5581,73.4301,72.6017
2011-10-24,72.6591,71.8011,73.6394,72.828
2011-10-25,72.8606,71.9723,73.7969,72.97
2011-10-26,73.0513,72.1634,74.0249,73.2163
2011-10-27,73.3746,72.4974,74.3447,73.5712
2011-10-28,73.6851,72.8165,74.621,73.8828
2011-10-31,73.9215,73.0596,74.8697,74.0768
2011-11-01,74.0287,73.1708,74.9663,74.1472
2011-11-02,74.1551,73.3157,75.1041,74.3103
2011-11-03,74.3505,73.4842,75.2941,74.5303
2011-11-04,74.5358,73.6489,75.4354,74.6625
2011-11-07,74.6794,73.765,75.5356,74.7814
2011-11-08,74.817,73.9043,75.6753,74.9462
2011-11-09,74.9162,73.9689,75.7434,74.9683
2011-11-10,74.992,74.0334,75.7808,75.0181
2011-11-11,75.0846,74.143,75.8466,75.1134
2011-11-14,75.1541,74.2097,75.8975,75.1498
2011-11-15,75.169,74.2594,75.9308,75.1878
2011-11-16,75.1852,74.2717,75.9342,75.1626
2011-11-17,75.1625,74.2535,75.9213,75.1205
2011-11-18,75.1497,74.269,75.9066,75.1327
2011-11-21,75.0985,74.251,75.8609,75.093
2011-11-22,75.0522,74.2436,75.833,75.0573
2011-11-23,74.9902,74.1693,75.7392,74.9447
2011-11-25,74.8819,74.0927,75.6315,74.8445
2011-11-28,74.8583,74.0955,75.6358,74.8755
2011-11-29,74.9077,74.1401,75.6472,74.8879
2011-11-30,74.9932,74.2406,75.8112,75.0768
2011-12-01,75.1501,74.3938,75.9375,75.2101
2011-12-02,75.315,74.5365,76.082,75.3189
2011-12-05,75.4581,74.6679,76.2166,75.455
2011-12-06,75.586,74.7938,76.3421,75.5865
2011-12-07,75.695,74.8995,76.4669,75.7394
2011-12-08,75.7987,74.9854,76.5412,75.7979
2011-12-09,75.8821,75.0929,76.6123,75.8863
2011-12-12,75.9337,75.1211,76.6317,75.905
2011-12-13,75.9643,75.1162,76.6448,75.9028
2011-12-14,75.9358,75.1037,76.6182,75.8842
2011-12-15,75.9506,75.0908,76.6096,75.8362
2011-12-16,75.9287,75.0669,76.5652,75.8017
2011-12-19,75.8863,75.0016,76.5044,75.7158
2011-12-20,75.8421,74.9864,76.5013,75.7345
2011-12-21,75.8664,75.0115,76.4934,75.7582
2011-12-22,75.8826,75.0509,76.5133,75.8134
2011-12-23,75.9347,75.1319,76.576,75.9074
2011-12-27,76.0101,75.2235,76.6479,75.9719
2011-12-28,76.073,75.276,76.6851,75.9986
2011-12-29,76.1129,75.3255,76.7005,76.0426
2011-12-30,76.1488,75.373,76.7078,76.0552
2012-01-03,76.2089,75.4675,76.7849,76.1344
2012-01-04,76.2743,75.5227,76.8223,76.1669
2012-01-05,76.2809,75.5392,76.8368,76.2041
2012-01-06,76.3067,75.568,76.8501,76.2132
2012-01-09,76.3157,75.5861,76.8462,76.2169
2012-01-10,76.349,75.6415,76.8781,76.2756
2012-01-11,76.3915,75.7033,76.9353,76.3597
2012-01-12,76.4861,75.7973,77.0116,76.4641
2012-01-13,76.5521,75.856,77.0574,76.5278
2012-01-17,76.6506,75.9411,77.1336,76.5982
2012-01-18,76.711,76.0332,77.2207,76.7114
2012-01-19,76.8217,76.1579,77.3363,76.8519
2012-01-20,76.9587,76.3131,77.4623,77.001
2012-01-23,77.0875,76.4349,77.572,77.1059
2012-01-24,77.155,76.5181,77.6309,77.1729
2012-01-25,77.2069,76.5885,77.7445,77.3035
2012-01-26,77.3403,76.708,77.8585,77.4184
2012-01-27,77.4373,76.8135,77.9497,77.5161
2012-01-30,77.4779,76.8763,77.9912,77.5733
2012-01-31,77.561,76.9433,78.0531,77.6122
2012-02-01,77.6209,77.0231,78.131,77.6633
2012-02-02,77.6823,77.0927,78.1754,77.7153
2012-02-03,77.7739,77.1994,78.2668,77.8268
2012-02-06,77.8581,77.3087,78.3479,77.9255
2012-02-07,77.9324,77.4,78.4285,78.0208
2012-02-08,78.0244,77.501,78.4998,78.1008
2012-02-09,78.1042,77.5717,78.5623,78.1544
2012-02-10,78.1406,77.6169,78.5973,78.1854
2012-02-13,78.1903,77.6849,78.6467,78.2466
2012-02-14,78.2435,77.712,78.6785,78.2795
2012-02-15,78.2823,77.7207,78.7108,78.2692
2012-02-16,78.27,77.7333,78.7239,78.3005
2012-02-17,78.3193,77.7892,78.7691,78.3551
2012-02-21,78.374,77.8634,78.8233,78.4173
2012-02-22,78.4289,77.9091,78.8607,78.4423
2012-02-23,78.4431,77.9487,78.8875,78.4876
2012-02-24,78.501,78.0253,78.9466,78.5633
2012-02-27,78.5473,78.0582,79.0214,78.6456
2012-02-28,78.6421,78.1139,79.0931,78.6843
2012-02-29,78.6873,78.1284,79.1212,78.6729
2012-03-01,78.685,78.1436,79.1114,78.6781
2012-03-02,78.6809,78.1453,79.0938,78.6592
2012-03-05,78.6716,78.1519,79.1038,78.6841
2012-03-06,78.672,78.1596,79.1007,78.6737
2012-03-07,78.665,78.1645,79.088,78.6808
2012-03-08,78.6824,78.1775,79.091,78.69
2012-03-09,78.6993,78.2093,79.111,78.7251
2012-03-12,78.735,78.2625,79.1378,78.7649
2012-03-13,78.783,78.3307,79.2213,78.8622
2012-03-14,78.876,78.4311,79.3027,78.9524
2012-03-15,78.9577,78.5238,79.4035,79.0688
2012-03-16,79.0685,78.6421,79.5053,79.1664
2012-03-19,79.1681,78.7586,79.6085,79.2793
2012-03-20,79.2697,78.8713,79.7056,79.3852
2012-03-21,79.376,78.962,79.7912,79.4742
2012-03-22,79.446,79.04,79.8545,79.5452
2012-03-23,79.5252,79.1244,79.9397,79.6347
2012-03-26,79.6401,79.25,80.0568,79.7667
2012-03-27,79.7781,79.3695,80.1745,79.8639
2012-03-28,79.8792,79.4466,80.2582,79.9574
2012-03-29,79.947,79.5102,80.3266,80.0253
2012-03-30,80.0286,79.5775,80.3989,80.0802
2012-04-02,80.0833,79.6469,80.4785,80.166
2012-04-03,80.1524,79.7017,80.5449,80.233
2012-04-04,80.1938,79.7548,80.5895,80.2729
2012-04-05,80.2238,79.7984,80.6232,80.304
2012-04-09,80.2217,79.7888,80.6055,80.2774
2012-04-10,80.1914,79.7347,80.5662,80.2005
2012-04-11,80.1625,79.691,80.5191,80.1444
2012-04-12,80.1014,79.6446,80.5035,80.1403
2012-04-13,80.0921,79.5986,80.479,80.0759
2012-04-16,80.0622,79.5733,80.4527,80.0561
2012-04-17,80.0729,79.5877,80.4789,80.0904
2012-04-18,80.0644,79.5908,80.4667,80.0733
2012-04-19,80.0501,79.5498,80.4454,80.0346
2012-04-20,80.012,79.5161,80.4022,79.9793
2012-04-23,79.9344,79.4524,80.3426,79.9217
2012-04-24,79.8883,79.422,80.3186,79.9153
2012-04-25,79.8869,79.4332,80.3065,79.9165
2012-04-26,79.8861,79.4481,80.3198,79.9401
2012-04-27,79.9131,79.4809,80.3384,79.9703
2012-04-30,79.9422,79.5165,80.357,79.9937
2012-05-01,79.968,79.5596,80.4118,80.0653
2012-05-02,80.0242,79.6142,80.4526,80.1172
2012-05-03,80.084,79.6838,80.5057,80.1729
2012-05-04,80.1194,79.725,80.542,80.2104
2012-05-07,80.175,79.7848,80.6419,80.3206
2012-05-08,80.2787,79.8694,80.7306,80.4132
2012-05-09,80.3383,79.9456,80.7925,80.4628
2012-05-10,80.4188,80.0268,80.8709,80.5271
2012-05-11,80.4594,80.0742,80.9397,80.5794
2012-05-14,80.4862,80.0935,80.9509,80.577
2012-05-15,80.4801,80.0963,80.9489,80.5591
2012-05-16,80.4771,80.1043,80.9558,80.5606
2012-05-17,80.4885,80.0929,80.9545,80.5269
2012-05-18,80.4764,80.022,80.9197,80.4481
2012-05-21,80.4048,79.9555,80.8685,80.4164
2012-05-22,80.3856,79.9211,80.8651,80.3791
2012-05-23,80.3326,79.8601,80.8166,80.3484
2012-05-24,80.3062,79.8225,80.7763,80.3216
2012-05-25,80.2683,79.7824,80.7379,80.2693
2012-05-29,80.242,79.7564,80.699,80.2474
2012-05-30,80.1902,79.6995,80.64,80.1783
2012-05-31,80.1146,79.6303,80.6015,80.1384
2012-06-01,80.0276,79.5669,80.5424,80.0838
2012-06-04,79.9774,79.5124,80.4715,80.0329
2012-06-05,79.9249,79.4791,80.4129,79.9884
2012-06-06,79.9002,79.4513,80.4259,80.0221
2012-06-07,79.9485,79.4966,80.4661,80.0532
2012-06-08,79.9784,79.5348,80.5097,80.117
2012-06-11,80.0565,79.5673,80.5659,80.1249
2012-06-12,80.0742,79.5904,80.6022,80.1803
2012-06-13,80.1199,79.622,80.6284,80.2003
2012-06-14,80.1584,79.6766,80.6953,80.2744
2012-06-15,80.2614,79.7924,80.7867,80.3864
2012-06-18,80.3491,79.901,80.8698,80.4724
2012-06-19,80.4492,80.0195,80.9752,80.5947
2012-06-20,80.5726,80.1112,81.074,80.6857
2012-06-21,80.6754,80.1561,81.1582,80.7103
2012-06-22,80.7079,80.1923,81.2036,80.7669
2012-06-25,80.7377,80.2044,81.2093,80.7524
2012-06-26,80.7369,80.2169,81.2367,80.7806
2012-06-27,80.7721,80.2761,81.2934,80.8391
2012-06-28,80.7959,80.3114,81.3445,80.9123
2012-06-29,80.8908,80.423,81.4413,81.0302
2012-07-02,81.0102,80.5419,81.55,81.158
2012-07-03,81.1385,80.675,81.6637,81.2859
2012-07-05,81.2513,80.7962,81.763,81.3803
2012-07-06,81.3122,80.8617,81.8151,81.4369
2012-07-09,81.3735,80.9358,81.9056,81.5321
2012-07-10,81.4836,81.0316,81.9941,81.6062
2012-07-11,81.5698,81.1398,82.1119,81.7273
2012-07-12,81.66,81.2398,82.2035,81.8158
2012-07-13,81.763,81.3506,82.3151,81.9457
2012-07-16,81.8872,81.4554,82.4212,82.045
2012-07-17,81.9932,81.5654,82.5562,82.1984
2012-07-18,82.134,81.7227,82.6925,82.3341
2012-07-19,82.2724,81.844,82.8134,82.4461
2012-07-20,82.3674,81.9302,82.8849,82.5136
2012-07-23,82.3977,81.9799,82.95,82.5661
2012-07-24,82.4535,82.0312,82.9964,82.6214
2012-07-25,82.5352,82.0945,83.0668,82.6906
2012-07-26,82.6403,82.208,83.1694,82.7871
2012-07-27,82.7579,82.332,83.2777,82.9048
2012-07-30,82.8678,82.4528,83.3832,83.0183
2012-07-31,82.9796,82.5551,83.4713,83.1071
2012-08-01,83.0801,82.5339,83.561,83.1809
2012-08-02,83.1259,82.5679,83.6054,83.2248
2012-08-03,83.2052,82.6724,83.707,83.3397
2012-08-06,83.342,82.7903,83.8194,83.428
2012-08-07,83.4404,82.8805,83.9136,83.4886
2012-08-08,83.4823,82.9493,83.9592,83.5452
2012-08-09,83.5417,83.0191,84.01,83.5938
2012-08-10,83.5851,83.0772,84.052,83.6511
2012-08-13,83.6351,83.1466,84.1041,83.7164
2012-08-14,83.7051,83.2228,84.1614,83.7761
2012-08-15,83.7658,83.2929,84.2116,83.8217
2012-08-16,83.8158,83.3533,84.2744,83.8899
2012-08-17,83.8969,83.4434,84.3523,83.9865
2012-08-20,83.9751,83.5325,84.4209,84.0725
2012-08-21,84.0671,83.605,84.4926,84.1285
2012-08-22,84.1248,83.6741,84.5637,84.2047
2012-08-23,84.1992,83.7446,84.6182,84.2508
2012-08-24,84.2382,83.8019,84.6617,84.3063
2012-08-27,84.2944,83.8667,84.7152,84.3602
2012-08-28,84.3328,83.9166,84.7564,84.3875
2012-08-29,84.3448,83.927,84.7591,84.3954
2012-08-30,84.3353,83.9306,84.7391,84.3766
2012-08-31,84.339,83.9325,84.7352,84.3748
2012-09-04,84.3419,83.9373,84.7213,84.3687
2012-09-05,84.3467,83.9569,84.7515,84.4088
2012-09-06,84.4025,84.0278,84.8353,84.5093
2012-09-07,84.515,84.1445,84.9268,84.6133
2012-09-10,84.6177,84.2579,85.0347,84.7107
2012-09-11,84.7154,84.3663,85.1291,84.8106
2012-09-12,84.8137,84.4089,85.2228,84.9043
2012-09-13,84.8974,84.5124,85.3876,85.0826
2012-09-14,85.0741,84.6884,85.575,85.2591
2012-09-17,85.2446,84.8655,85.7294,85.4181
2012-09-18,85.4034,85.0277,85.8699,85.5738
2012-09-19,85.5525,85.1951,86.0343,85.7385
2012-09-20,85.6841,85.3276,86.2034,85.9137
2012-09-21,85.8883,85.5199,86.3861,86.0906
2012-09-24,86.0372,85.6726,86.5463,86.2159
2012-09-25,86.1773,85.7915,86.686,86.3088
2012-09-26,86.2813,85.9094,86.8043,86.4074
2012-09-27,86.3954,86.0148,86.8948,86.4978
2012-09-28,86.4883,86.0829,86.9731,86.5808
2012-10-01,86.5972,86.1935,87.0988,86.6822
2012-10-02,86.7193,86.3011,87.2067,86.787
2012-10-03,86.8379,86.4084,87.3273,86.9189
2012-10-04,86.9848,86.5626,87.4826,87.0867
2012-10-05,87.1572,86.7352,87.6424,87.2493
2012-10-08,87.314,86.9008,87.7872,87.3918
2012-10-09,87.4474,87.0139,87.92,87.4829
2012-10-10,87.5339,87.0869,87.9986,87.5438
2012-10-11,87.6322,87.1636,88.0767,87.6007
2012-10-12,87.7004,87.2156,88.1505,87.6323
2012-10-15,87.736,87.2671,88.2066,87.7044
2012-10-16,87.8294,87.376,88.294,87.813
2012-10-17,87.9353,87.4972,88.4056,87.9441
2012-10-18,88.0657,87.6339,88.5287,88.0746
2012-10-19,88.1772,87.6761,88.6249,88.1324
2012-10-22,88.228,87.6846,88.6602,88.1508
2012-10-23,88.2047,87.6415,88.6168,88.0923
2012-10-24,88.1689,87.6009,88.5721,88.036
2012-10-25,88.1338,87.5614,88.5174,87.9928
2012-10-26,88.0853,87.4979,88.4507,87.9278
2012-10-31,88.0265,87.4336,88.3799,87.8508
2012-11-01,87.9589,87.39,88.3457,87.8425
2012-11-02,87.9785,87.3671,88.3503,87.798
2012-11-05,87.9317,87.2721,88.2942,87.7522
2012-11-06,87.8985,87.2408,88.2501,87.7297
2012-11-07,87.8424,87.1446,88.1891,87.6185
2012-11-08,87.733,87.0161,88.1058,87.4703
2012-11-09,87.5705,86.8617,87.9938,87.3585
2012-11-12,87.4646,86.7713,87.8751,87.2567
2012-11-13,87.3361,86.6727,87.8163,87.189
2012-11-14,87.2777,86.5838,87.7433,87.0764
2012-11-15,87.1749,86.5061,87.6461,86.9897
2012-11-16,87.0893,86.4229,87.5682,86.9371
2012-11-19,87.0713,86.4115,87.5346,86.9284
2012-11-20,87.0488,86.3934,87.5022,86.9217
2012-11-21,87.0454,86.4098,87.5065,86.9538
2012-11-23,87.092,86.4732,87.5554,87.0292
2012-11-26,87.1509,86.5443,87.5927,87.0907
2012-11-27,87.2065,86.6109,87.6555,87.139
2012-11-28,87.2374,86.6421,87.687,87.1941
2012-11-29,87.2995,86.6873,87.7325,87.232
2012-11-30,87.3341,86.7392,87.7587,87.2734
2012-12-03,87.3803,86.7875,87.8007,87.2966
2012-12-04,87.4051,86.8028,87.808,87.2953
2012-12-05,87.4073,86.8138,87.8159,87.3111
2012-12-06,87.4172,86.8322,87.8185,87.3199
2012-12-07,87.4354,86.8409,87.8176,87.3204
2012-12-10,87.4288,86.8491,87.7938,87.3096
2012-12-11,87.4235,86.854,87.7878,87.3077
2012-12-12,87.4516,86.9002,87.8977,87.4058
2012-12-13,87.5501,87.0041,87.9914,87.5051
2012-12-14,87.6452,87.1058,88.0767,87.5853
2012-12-17,87.7479,87.2226,88.1715,87.7021
2012-12-18,87.8563,87.3488,88.2802,87.8323
2012-12-19,87.9789,87.4625,88.3988,87.9429
2012-12-20,88.0921,87.5873,88.5174,88.0769
2012-12-21,88.1896,87.6884,88.6263,88.1624
2012-12-24,88.2676,87.7704,88.6947,88.2438
2012-12-26,88.3487,87.8309,88.7584,88.2933
2012-12-27,88.3912,87.8762,88.8029,88.3385
2012-12-28,88.4141,87.9091,88.8154,88.3488
2012-12-31,88.4178,87.9189,88.8644,88.4148
2013-01-02,88.5594,88.0833,89.0759,88.6482
2013-01-03,88.7813,88.3144,89.3327,88.8907
2013-01-04,89.0232,88.5605,89.5628,89.1326
2013-01-07,89.2562,88.7839,89.7734,89.3432
2013-01-08,89.4574,88.9886,89.9703,89.5611
2013-01-09,89.6829,89.1853,90.1708,89.7445
2013-01-10,89.8828,89.3913,90.3912,89.9838
2013-01-11,90.1187,89.6269,90.6039,90.1987
2013-01-14,90.3349,89.849,90.8359,90.4505
2013-01-15,90.5678,90.0885,91.0624,90.69
2013-01-16,90.7938,90.3189,91.2681,90.9017
2013-01-17,91.0204,90.5394,91.4746,91.1162
2013-01-18,91.2389,90.7365,91.6753,91.3135
2013-01-22,91.4302,90.9386,91.8824,91.5377
2013-01-23,91.6531,91.1606,92.1106,91.7788
2013-01-24,91.8939,91.4226,92.3847,92.0486
2013-01-25,92.1777,91.6839,92.6464,92.3092
2013-01-28,92.4334,91.931,92.8851,92.5438
2013-01-29,92.6713,92.1773,93.1034,92.7729
2013-01-30,92.898,92.3853,93.3096,92.9733
2013-01-31,93.0737,92.5762,93.495,93.1663
2013-02-01,93.2926,92.8018,93.7635,93.4021
2013-02-04,93.5105,92.9753,93.9702,93.5537
2013-02-05,93.689,93.1717,94.1687,93.7662
2013-02-06,93.8676,93.3711,94.3502,93.9644
2013-02-07,94.0594,93.5486,94.5268,94.1179
2013-02-08,94.2151,93.7038,94.6635,94.2706
2013-02-11,94.3734,93.8665,94.8019,94.4101
2013-02-12,94.5049,94.0199,94.9574,94.5706
2013-02-13,94.6617,94.194,95.1156,94.7364
2013-02-14,94.8168,94.3719,95.3202,94.9547
2013-02-15,95.052,94.6089,95.5382,95.1896
2013-02-19,95.2924,94.8572,95.8086,95.474
2013-02-20,95.5777,95.1091,96.0857,95.7055
2013-02-21,95.7978,95.3315,96.3035,95.9233
2013-02-22,96.0272,95.57,96.5457,96.1811
2013-02-25,96.3058,95.71,96.8118,96.2982
2013-02-26,96.4397,95.8339,97.0161,96.4163
2013-02-27,96.5441,95.9679,97.2236,96.6501
2013-02-28,96.7829,96.2285,97.4727,96.9189
2013-03-01,97.0106,96.4339,97.7057,97.1692
2013-03-04,97.2374,96.6322,97.9142,97.4024
2013-03-05,97.4931,96.9102,98.1857,97.6589
2013-03-06,97.7759,97.1955,98.4479,97.9311
2013-03-07,98.0429,97.4801,98.6983,98.1984
2013-03-08,98.3325,97.7543,98.9569,98.4634
2013-03-11,98.5978,98.0302,99.2102,98.7369
2013-03-12,98.8657,98.2297,99.4531,98.9453
2013-03-13,99.0703,98.4609,99.6603,99.1748
2013-03-14,99.3015,98.7111,99.8842,99.4097
2013-03-15,99.5146,98.9101,100.0747,99.5746
2013-03-18,99.6412,99.0564,100.2101,99.6987
2013-03-19,99.7743,99.1659,100.3335,99.7998
2013-03-20,99.8917,99.2978,100.4426,99.9237
2013-03-21,99.9916,99.4164,100.5464,100.023
2013-03-22,100.0891,99.54,100.6514,100.1473
2013-03-25,100.2311,99.6561,100.7792,100.2572
2013-03-26,100.3608,99.7929,100.9285,100.431
2013-03-27,100.4998,99.9318,101.0515,100.5641
2013-03-28,100.6373,100.08,101.2187,100.7414
2013-04-01,100.8097,100.2307,101.3768,100.8745
2013-04-02,100.9633,100.4048,101.578,101.0826
2013-04-03,101.1861,100.5826,101.7707,101.2366
2013-04-04,101.3556,100.7669,101.9556,101.4266
2013-04-05,101.4802,100.8924,102.0743,101.5594
2013-04-08,101.6294,101.0255,102.2312,101.7399
2013-04-09,101.8124,101.2086,102.3892,101.9048
2013-04-10,101.981,101.3892,102.5834,102.1207
2013-04-11,102.1956,101.6151,102.7978,102.3455
2013-04-12,102.4056,101.8436,103.0053,102.5745
2013-04-15,102.6219,101.962,103.2211,102.6694
2013-04-16,102.7521,102.1175,103.4293,102.8885
2013-04-17,102.931,102.2239,103.5884,102.9998
2013-04-18,103.0329,102.2467,103.6685,102.9998
2013-04-19,103.0537,102.2878,103.7559,103.111
2013-04-22,103.174,102.3777,103.8517,103.2041
2013-04-23,103.2836,102.5202,103.9911,103.3737
2013-04-24,103.4512,102.7075,104.1379,103.5384
2013-04-25,103.6253,102.9081,104.3282,103.7302
2013-04-26,103.8163,103.0833,104.5025,103.8945
2013-04-29,103.9808,103.2456,104.6438,104.027
2013-04-30,104.1086,103.3619,104.7441,104.1389
2013-05-01,104.1994,103.4892,104.8585,104.2355
2013-05-02,104.3111,103.6233,104.9791,104.385
2013-05-03,104.5038,103.8481,105.185,104.5926
2013-05-06,104.8182,104.1213,105.4809,104.8563
2013-05-07,105.0949,104.3817,105.7257,105.1024
2013-05-08,105.3322,104.628,105.982,105.3871
2013-05-09,105.6014,104.9071,106.2434,105.6443
2013-05-10,105.8696,105.2043,106.5183,105.9456
2013-05-13,106.1603,105.5071,106.8023,106.2282
2013-05-14,106.4491,105.814,107.0915,106.5425
2013-05-15,106.7477,106.1231,107.3787,106.8463
2013-05-16,107.0293,106.3732,107.63,107.0752
2013-05-17,107.2693,106.636,107.8968,107.3652
2013-05-20,107.5425,106.9259,108.1726,107.6401
2013-05-21,107.8121,107.1954,108.4247,107.8869
2013-05-22,108.0564,107.3863,108.6698,108.0802
2013-05-23,108.1737,107.4704,108.8186,108.2368
2013-05-24,108.2872,107.5899,108.9167,108.3633
2013-05-28,108.4766,107.7933,109.0915,108.5544
2013-05-29,108.6319,107.9698,109.3046,108.7727
2013-05-30,108.863,108.2303,109.5824,109.0686
2013-05-31,109.1536,108.5059,109.8467,109.3126
2013-06-03,109.4271,108.7265,110.0864,109.5447
2013-06-04,109.6477,108.9301,110.2773,109.7337
2013-06-05,109.8063,109.0335,110.4179,109.8204
2013-06-06,109.8811,109.1368,110.5521,109.9804
2013-06-07,110.0767,109.3511,110.7959,110.2403
2013-06-10,110.3442,109.6169,111.0488,110.4798
2013-06-11,110.5425,109.7946,111.2138,110.6276
2013-06-12,110.7117,109.9344,111.3667,110.7409
2013-06-13,110.8179,110.0483,111.5508,110.9482
2013-06-14,111.019,110.2381,111.723,111.1049
2013-06-17,111.201,110.4134,111.9106,111.291
2013-06-18,111.3868,110.6293,112.0901,111.4802
2013-06-19,111.5699,110.7844,112.2642,111.5953
2013-06-20,111.6494,110.7881,112.3445,111.5863
2013-06-21,111.6972,110.8107,112.3828,111.625
2013-06-24,111.6998,110.7482,112.3642,111.5804
2013-06-25,111.7052,110.7546,112.3615,111.6042
2013-06-26,111.7674,110.8285,112.4171,111.6679
2013-06-27,111.8582,110.932,112.4796,111.7329
2013-06-28,111.8973,110.9675,112.4982,111.742
2013-07-01,111.9272,111.0428,112.5602,111.8054
2013-07-02,111.9718,111.0934,112.5992,111.8402
2013-07-03,111.9746,111.1171,112.6047,111.8787
2013-07-05,112.0412,111.2192,112.7215,112.029
2013-07-08,112.2099,111.3939,112.8751,112.1745
2013-07-09,112.3763,111.5752,113.0251,112.3513
2013-07-10,112.5286,111.7208,113.1595,112.4747
2013-07-11,112.6975,111.9017,113.3649,112.6944
2013-07-12,112.8981,112.1284,113.5519,112.9103
2013-07-15,113.1148,112.3592,113.7431,113.1201
2013-07-16,113.3267,112.5871,113.9497,113.3191
2013-07-17,113.5464,112.8238,114.1537,113.5294
2013-07-18,113.7583,113.068,114.3686,113.7748
2013-07-19,113.9984,113.314,114.5984,114.0248
2013-07-22,114.2502,113.5694,114.8278,114.2645
2013-07-23,114.4853,113.7928,115.0352,114.457
2013-07-24,114.6694,113.9122,115.2145,114.5547
2013-07-25,114.7343,113.9901,115.324,114.6774
2013-07-26,114.8239,114.0692,115.4228,114.8073
2013-07-29,114.9256,114.1624,115.4954,114.886
2013-07-30,115.0219,114.2306,115.5814,114.9301
2013-07-31,115.0877,114.3071,115.6453,114.9759
2013-08-01,115.18,114.4151,115.7358,115.0883
2013-08-02,115.2868,114.5338,115.8394,115.2216
2013-08-05,115.4728,114.6971,116.0004,115.3683
2013-08-06,115.6073,114.8221,116.1199,115.4923
2013-08-07,115.6948,114.9025,116.1823,115.5561
2013-08-08,115.778,114.9853,116.2642,115.6577
2013-08-09,115.862,115.0597,116.3362,115.7091
2013-08-12,115.8804,115.1104,116.3846,115.7784
2013-08-13,115.9521,115.1748,116.4444,115.8516
2013-08-14,116.0052,115.2375,116.4876,115.8867
2013-08-15,116.0049,115.2059,116.4746,115.8337
2013-08-16,115.933,115.1617,116.4363,115.8047
2013-08-19,115.8943,115.1143,116.3901,115.7313
2013-08-20,115.8121,115.0673,116.3394,115.6961
2013-08-21,115.7628,114.9918,116.274,115.6124
2013-08-22,115.6855,114.9419,116.228,115.5703
2013-08-23,115.6521,114.8999,116.1725,115.5069
2013-08-26,115.5881,114.8482,116.1129,115.4261
2013-08-27,115.4716,114.6707,115.9839,115.2365
2013-08-28,115.2613,114.497,115.8301,115.0884
2013-08-29,115.0963,114.3606,115.6769,114.9373
2013-08-30,114.9575,114.183,115.521,114.7559
2013-09-03,114.8288,114.0448,115.3955,114.6254
2013-09-04,114.6787,113.9133,115.2519,114.5012
2013-09-05,114.548,113.8132,115.1249,114.3924
2013-09-06,114.4452,113.6623,114.9988,114.2689
2013-09-09,114.3322,113.5544,114.8852,114.1909
2013-09-10,114.2824,113.5186,114.8323,114.1616
2013-09-11,114.2471,113.5137,114.8054,114.1673
2013-09-12,114.2473,113.4931,114.7783,114.1289
2013-09-13,114.2006,113.4661,114.7262,114.1002
2013-09-16,114.2088,113.5029,114.7444,114.1363
2013-09-17,114.2552,113.5769,114.8017,114.1974
2013-09-18,114.3106,113.6439,114.9124,114.3195
2013-09-19,114.4467,113.789,115.0518,114.4586
2013-09-20,114.6088,113.9384,115.1941,114.6264
2013-09-23,114.7283,114.0004,115.2871,114.6759
2013-09-24,114.7792,114.0418,115.316,114.6941
2013-09-25,114.7899,114.0817,115.3494,114.7339
2013-09-26,114.8207,114.127,115.3992,114.7854
2013-09-27,114.844,114.1457,115.3997,114.7886
2013-09-30,114.7902,114.0908,115.3368,114.7262
2013-10-01,114.739,114.0542,115.2926,114.6976
2013-10-02,114.681,114.0105,115.2495,114.6836
2013-10-03,114.6502,113.9525,115.191,114.6195
2013-10-04,114.5897,113.9206,115.1495,114.5771
2013-10-07,114.5117,113.8465,115.0778,114.4933
2013-10-08,114.4311,113.7198,114.9823,114.341
2013-10-09,114.2959,113.5793,114.8471,114.2156
2013-10-10,114.2395,113.554,114.8506,114.246
2013-10-11,114.2693,113.5855,114.8984,114.3223
2013-10-14,114.3045,113.6296,114.956,114.4042
2013-10-15,114.3799,113.6716,114.9996,114.4152
2013-10-16,114.4199,113.7349,115.087,114.5261
2013-10-17,114.5286,113.8474,115.1925,114.6429
2013-10-18,114.6721,113.9904,115.3051,114.7564
2013-10-21,114.7832,114.1094,115.3877,114.8605
2013-10-22,114.9006,114.2504,115.4961,114.9888
2013-10-23,115.0079,114.3504,115.5939,115.0581
2013-10-24,115.1027,114.4606,115.6776,115.145
2013-10-25,115.1845,114.5611,115.747,115.237
2013-10-28,115.2818,114.664,115.8184,115.3201
2013-10-29,115.3613,114.7662,115.8975,115.422
2013-10-30,115.4685,114.8415,115.9854,115.4668
2013-10-31,115.51,114.8517,116.0061,115.4484
2013-11-01,115.4988,114.856,116.0092,115.4397
2013-11-04,115.5125,114.8386,116.0,115.4119
2013-11-05,115.4617,114.8124,115.9561,115.3606
2013-11-06,115.424,114.802,115.9148,115.3386
2013-11-07,115.4092,114.7526,115.8926,115.265
2013-11-08,115.3161,114.6915,115.894,115.295
2013-11-11,115.325,114.7193,115.8991,115.3123
2013-11-12,115.3243,114.6842,115.8777,115.2586
2013-11-13,115.248,114.6391,115.8295,115.2367
2013-11-14,115.2291,114.6426,115.8227,115.2588
2013-11-15,115.2345,114.6717,115.848,115.3096
2013-11-18,115.2991,114.7214,115.8827,115.3384
2013-11-19,115.3285,114.7574,115.8991,115.3629
2013-11-20,115.3573,114.7468,115.9002,115.3403
2013-11-21,115.3555,114.745,115.9299,115.3929
2013-11-22,115.4123,114.8267,115.9982,115.4694
2013-11-25,115.4985,114.8537,116.0607,115.4772
2013-11-26,115.5132,114.8979,116.0987,115.531
2013-11-27,115.5662,114.9497,116.1403,115.5822
2013-11-29,115.623,115.0053,116.1807,115.6284
2013-12-02,115.6658,115.0104,116.2007,115.6139
2013-12-03,115.6133,114.9631,116.1426,115.5737
2013-12-04,115.5517,114.9161,116.1152,115.5603
2013-12-05,115.5253,114.9139,116.0881,115.531
2013-12-06,115.547,114.9552,116.1179,115.5861
2013-12-09,115.612,115.0437,116.1834,115.6619
2013-12-10,115.6812,115.0708,116.2306,115.6594
2013-12-11,115.6772,115.0322,116.2096,115.6033
2013-12-12,115.6193,114.9838,116.1535,115.5436
2013-12-13,115.5588,114.9354,116.0987,115.4713
2013-12-16,115.5023,114.8736,116.0309,115.3975
2013-12-17,115.4363,114.8105,115.9407,115.3113
2013-12-18,115.3629,114.7466,115.9567,115.3517
2013-12-19,115.3861,114.7912,115.9886,115.4009
2013-12-20,115.4278,114.8306,116.0233,115.4106
2013-12-23,115.4752,114.8984,116.0792,115.4901
2013-12-24,115.5628,115.0009,116.1451,115.5848
2013-12-26,115.6538,115.0999,116.2351,115.7021
2013-12-27,115.7678,115.2277,116.3314,115.8142
2013-12-30,115.8928,115.3507,116.4402,115.9228
2013-12-31,115.998,115.4707,116.5484,116.0514
2014-01-02,116.1123,115.5629,116.6436,116.1221
2014-01-03,116.18,115.6515,116.7098,116.1927
2014-01-06,116.2785,115.6812,116.7825,116.197
2014-01-07,116.2947,115.6948,116.7907,116.1966
2014-01-08,116.2803,115.6731,116.7701,116.1548
2014-01-09,116.2554,115.6417,116.7292,116.1141
2014-01-10,116.2439,115.5826,116.6946,116.0583
2014-01-13,116.1871,115.4937,116.6256,115.9584
2014-01-14,116.0878,115.4013,116.5443,115.9097
2014-01-15,116.0459,115.3671,116.5105,115.9068
2014-01-16,116.0408,115.3448,116.489,115.8742
2014-01-17,116.0129,115.3158,116.4446,115.835
2014-01-21,115.9791,115.2643,116.3981,115.8016
2014-01-22,115.9518,115.2543,116.3743,115.7752
2014-01-23,115.8966,115.1605,116.3009,115.6642
2014-01-24,115.7583,114.9946,116.1496,115.4762
2014-01-27,115.571,114.8061,115.9608,115.2822
2014-01-28,115.3944,114.6619,115.8013,115.1226
2014-01-29,115.2,114.4891,115.6178,114.9352
2014-01-30,115.0366,114.3374,115.5062,114.8408
2014-01-31,114.8792,114.1673,115.3532,114.6827
2014-02-03,114.7441,113.9074,115.195,114.405
2014-02-04,114.4844,113.6485,114.9216,114.1477
2014-02-05,114.214,113.3789,114.6479,113.8858
2014-02-06,113.9806,113.1623,114.4348,113.7041
2014-02-07,113.8162,113.0378,114.3502,113.6507
2014-02-10,113.7578,112.974,114.2843,113.5999
2014-02-11,113.7126,112.9333,114.2602,113.6004
2014-02-12,113.711,112.9429,114.2553,113.5858
2014-02-13,113.6695,112.9252,114.2804,113.6401
2014-02-14,113.71,112.9884,114.3175,113.704
2014-02-18,113.7807,113.0553,114.3615,113.7541
2014-02-19,113.8265,113.0653,114.3853,113.7349
2014-02-20,113.8023,113.028,114.3417,113.7039
2014-02-21,113.7846,113.0251,114.3245,113.6783
2014-02-24,113.7586,113.0298,114.3087,113.655
2014-02-25,113.7284,113.0073,114.3014,113.6689
2014-02-26,113.7348,113.0167,114.2955,113.6704
2014-02-27,113.7112,113.0198,114.3094,113.7148
2014-02-28,113.7643,113.0779,114.3918,113.8155
2014-03-03,113.8806,113.1658,114.5069,113.925
2014-03-04,114.0392,113.3528,114.7061,114.1516
2014-03-05,114.2509,113.5863,114.9194,114.3871
2014-03-06,114.4909,113.8558,115.2375,114.7195
2014-03-07,114.8494,114.2238,115.6123,115.1073
2014-03-10,115.2265,114.6202,116.037,115.546
2014-03-11,115.6759,115.0724,116.4742,115.992
2014-03-12,116.078,115.5025,116.9004,116.4397
2014-03-13,116.543,115.8902,117.3399,116.7895
2014-03-14,116.8941,116.1999,117.6784,117.0685
2014-03-17,117.2134,116.5258,117.9843,117.3754
2014-03-18,117.5152,116.8182,118.2563,117.6635
2014-03-19,117.8062,117.0632,118.5214,117.9053
2014-03-20,118.0381,117.3225,118.8145,118.224
2014-03-21,118.3801,117.6687,119.1596,118.5643
2014-03-24,118.7279,117.9766,119.4879,118.8451
2014-03-25,119.0368,118.2631,119.7612,119.1195
2014-03-26,119.3277,118.4947,120.0192,119.3092
2014-03-27,119.521,118.6964,120.2061,119.5122
2014-03-28,119.7312,118.9078,120.4092,119.7082
2014-03-31,119.9516,119.1572,120.6317,119.9649
2014-04-01,120.2013,119.411,120.8613,120.2046
2014-04-02,120.4266,119.6436,121.0598,120.4127
2014-04-03,120.6248,119.8507,121.2379,120.6028
2014-04-04,120.8192,120.0463,121.439,120.7637
2014-04-07,120.9739,120.1933,121.5717,120.8786
2014-04-08,121.081,120.3068,121.6775,120.9884
2014-04-09,121.1878,120.4465,121.7966,121.1358
2014-04-10,121.3089,120.5349,121.9377,121.1911
2014-04-11,121.3723,120.5796,121.9705,121.216
2014-04-14,121.4176,120.6045,122.011,121.2684
2014-04-15,121.4826,120.6774,122.1061,121.3904
2014-04-16,121.6244,120.8517,122.297,121.6152
2014-04-17,121.8364,121.0809,122.5606,121.8867
2014-04-21,122.1209,121.333,122.8127,122.1117
2014-04-22,122.3307,121.5148,123.038,122.3575
2014-04-23,122.5823,121.7634,123.2781,122.5937
2014-04-24,122.8369,121.9998,123.5035,122.8062
2014-04-25,123.0282,122.2227,123.7019,123.0235
2014-04-28,123.2712,122.4148,123.9267,123.2516
2014-04-29,123.4956,122.678,124.1615,123.5071
2014-04-30,123.746,122.9527,124.4072,123.7678
2014-05-01,123.9931,123.2062,124.6435,124.0259
2014-05-02,124.2592,123.4313,124.8916,124.2242
2014-05-05,124.4022,123.5605,125.0037,124.3406
2014-05-06,124.4865,123.5849,125.0665,124.3566
2014-05-07,124.5311,123.6695,125.1866,124.5075
2014-05-08,124.6627,123.7993,125.299,124.613
2014-05-09,124.7401,123.8993,125.4,124.746
2014-05-12,124.8928,124.0452,125.5386,124.8701
2014-05-13,125.0293,124.1923,125.6547,125.0174
2014-05-14,125.1644,124.3541,125.7691,125.14
2014-05-15,125.2686,124.4344,125.8506,125.1995
2014-05-16,125.3243,124.4942,125.9028,125.2805
2014-05-19,125.3948,124.573,125.9666,125.3707
2014-05-20,125.4692,124.628,126.014,125.4044
2014-05-21,125.5195,124.7056,126.0592,125.4656
2014-05-22,125.5893,124.7946,126.1124,125.5395
2014-05-23,125.6688,124.8686,126.1713,125.601
2014-05-27,125.7537,124.9847,126.2483,125.6946
2014-05-28,125.8355,125.0957,126.3309,125.7807
2014-05-29,125.9128,125.1935,126.422,125.8943
2014-05-30,125.9985,125.3119,126.5234,126.0136
2014-06-02,126.1098,125.4122,126.632,126.1047
2014-06-03,126.1674,125.4707,126.6831,126.1449
2014-06-04,126.208,125.535,126.7284,126.1979
2014-06-05,126.274,125.6119,126.8011,126.2955
2014-06-06,126.3679,125.7323,126.8913,126.4104
2014-06-09,126.4636,125.8219,126.9756,126.4874
2014-06-10,126.519,125.9077,127.0402,126.5734
2014-06-11,126.5845,126.0029,127.1105,126.6537
2014-06-12,126.676,126.0481,127.1826,126.6843
2014-06-13,126.7049,126.0214,127.1986,126.6772
2014-06-16,126.6681,126.0062,127.1567,126.6515
2014-06-17,126.638,125.9864,127.1174,126.6212
2014-06-18,126.6039,125.9597,127.1287,126.648
2014-06-19,126.6505,125.989,127.1502,126.6773
2014-06-20,126.6886,126.0139,127.1966,126.6804
2014-06-23,126.694,126.0279,127.186,126.6799
2014-06-24,126.6772,126.0436,127.195,126.6848
2014-06-25,126.6871,126.0654,127.2025,126.7065
2014-06-26,126.7121,126.0651,127.2063,126.7257
2014-06-27,126.7179,126.0927,127.2202,126.7547
2014-06-30,126.737,126.1067,127.2158,126.7452
2014-07-01,126.7362,126.1337,127.2365,126.7693
2014-07-02,126.753,126.1676,127.2605,126.8162
2014-07-03,126.8094,126.2478,127.3644,126.9373
2014-07-07,126.9236,126.3415,127.4515,127.0233
2014-07-08,126.9878,126.4307,127.5314,127.0817
2014-07-09,127.0611,126.5224,127.5967,127.1631
2014-07-10,127.1069,126.5754,127.6515,127.2259
2014-07-11,127.1651,126.6415,127.7036,127.2944
2014-07-14,127.2546,126.741,127.7805,127.3766
2014-07-15,127.3241,126.8024,127.8483,127.4309
2014-07-16,127.3893,126.8549,127.8923,127.464
2014-07-17,127.4152,126.8328,127.9034,127.418
2014-07-18,127.3905,126.8351,127.9301,127.46
2014-07-21,127.4163,126.8733,127.9701,127.5147
2014-07-22,127.4936,126.9395,128.0203,127.5588
2014-07-23,127.53,126.9937,128.0476,127.5867
2014-07-24,127.572,127.0457,128.0785,127.6239
2014-07-25,127.5938,127.063,128.0829,127.6203
2014-07-28,127.5917,127.0419,128.1008,127.6569
2014-07-29,127.6243,127.0574,128.1281,127.6424
2014-07-30,127.6187,127.0463,128.1423,127.6472
2014-07-31,127.6002,126.9645,128.1237,127.539
2014-08-01,127.4734,126.7575,128.0664,127.4556
2014-08-04,127.502,126.7732,128.1622,127.5661
2014-08-05,127.6092,126.8018,128.2397,127.5868
2014-08-06,127.6268,126.8364,128.3046,127.6611
2014-08-07,127.7275,126.9185,128.3814,127.724
2014-08-08,127.7798,127.0015,128.5067,127.8789
2014-08-11,127.9569,127.1936,128.7161,128.0775
2014-08-12,128.1658,127.4115,128.9344,128.3205
2014-08-13,128.4182,127.6578,129.1537,128.5527
2014-08-14,128.6529,127.9252,129.4574,128.8818
2014-08-15,129.0011,128.1791,129.7668,129.1481
2014-08-18,129.3166,128.4962,130.045,129.435
2014-08-19,129.6353,128.79,130.3282,129.7016
2014-08-20,129.897,129.0661,130.5609,129.9557
2014-08-21,130.1577,129.3576,130.8663,130.29
2014-08-22,130.4626,129.6601,131.146,130.5564
2014-08-25,130.7537,129.9728,131.4193,130.8331
2014-08-26,131.0433,130.2727,131.6794,131.0974
2014-08-27,131.3149,130.5525,131.9238,131.3619
2014-08-28,131.5571,130.8124,132.1475,131.5935
2014-08-29,131.7826,131.0659,132.3964,131.8694
2014-09-02,132.0873,131.3583,132.6829,132.1665
2014-09-03,132.4001,131.6501,132.9667,132.4379
2014-09-04,132.6718,131.9316,133.239,132.7068
2014-09-05,132.9176,132.1954,133.4884,132.9684
2014-09-08,133.1738,132.481,133.7523,133.2275
2014-09-09,133.4258,132.6858,133.98,133.4062
2014-09-10,133.6133,132.9041,134.1737,133.6166
2014-09-11,133.7868,133.1039,134.3589,133.8265
2014-09-12,133.9885,133.2822,134.5453,133.9857
2014-09-15,134.171,133.4641,134.7201,134.1835
2014-09-16,134.3578,133.6663,134.9284,134.4033
2014-09-17,134.591,133.9123,135.1846,134.6573
2014-09-18,134.8671,134.1971,135.4961,134.9804
2014-09-19,135.2223,134.4948,135.8353,135.2525
2014-09-22,135.4827,134.7238,136.0741,135.448
2014-09-23,135.6631,134.9202,136.2514,135.6106
2014-09-24,135.8151,135.1036,136.4377,135.8222
2014-09-25,136.0139,135.1908,136.609,135.8841
2014-09-26,136.062,135.279,136.7242,136.0205
2014-09-29,136.1448,135.3903,136.8206,136.1331
2014-09-30,136.2587,135.5025,136.9142,136.231
2014-10-01,136.3617,135.536,136.9857,136.25
2014-10-02,136.3738,135.5884,137.042,136.3178
2014-10-03,136.4732,135.7139,137.1697,136.473
2014-10-06,136.6574,135.8561,137.3302,136.6041
2014-10-07,136.7551,135.8978,137.4039,136.6098
2014-10-08,136.7548,135.932,137.5403,136.7722
2014-10-09,136.9273,135.9875,137.6744,136.7877
2014-10-10,136.926,136.0237,137.761,136.7864
2014-10-13,136.9101,136.0377,137.7761,136.7665
2014-10-14,136.9144,136.0603,137.8309,136.7969
2014-10-15,136.8986,135.8637,137.7796,136.7405
2014-10-16,136.7099,135.6801,137.6758,136.641
2014-10-17,136.6782,135.6723,137.6755,136.6629
2014-10-20,136.6973,135.7082,137.6659,136.6905
2014-10-21,136.7643,135.7883,137.73,136.8017
2014-10-22,136.8899,135.8767,137.8154,136.8431
2014-10-23,137.0026,135.9993,137.899,136.9327
2014-10-24,137.083,136.1149,137.9781,137.0531
2014-10-27,137.1857,136.2528,138.0597,137.1739
2014-10-28,137.323,136.4112,138.1768,137.3342
2014-10-29,137.4795,136.535,138.2989,137.4637
2014-10-30,137.5736,136.6435,138.378,137.565
2014-10-31,137.7359,136.7761,138.5312,137.6916
2014-11-03,137.8893,136.9114,138.6473,137.8437
2014-11-04,138.0439,137.105,138.8225,138.0553
2014-11-05,138.2959,137.3364,139.0497,138.2926
2014-11-06,138.5376,137.5751,139.2648,138.5363
2014-11-07,138.7924,137.8334,139.4953,138.7838
2014-11-10,139.0439,138.125,139.7673,139.0895
2014-11-11,139.3569,138.4481,140.0562,139.3754
2014-11-12,139.6283,138.7531,140.3339,139.6751
2014-11-13,139.9245,139.0837,140.6245,139.9978
2014-11-14,140.2379,139.3752,140.9101,140.2672
2014-11-17,140.4961,139.635,141.1428,140.5161
2014-11-18,140.7519,139.9108,141.3992,140.7743
2014-11-19,141.001,140.1605,141.6276,141.0122
2014-11-20,141.2029,140.3986,141.8287,141.2418
2014-11-21,141.4862,140.682,142.0882,141.5081
2014-11-24,141.7605,140.9756,142.3483,141.7891
2014-11-25,142.0405,141.288,142.6245,142.0828
2014-11-26,142.3366,141.612,142.9018,142.3807
2014-11-28,142.6397,141.9417,143.2232,142.6885
2014-12-01,142.9309,142.246,143.5509,142.973
2014-12-02,143.2406,142.5589,143.8655,143.3094
2014-12-03,143.5777,142.8979,144.1886,143.6226
2014-12-04,143.889,143.2068,144.4794,143.9361
2014-12-05,144.2056,143.5431,144.7819,144.2651
2014-12-08,144.5312,143.8897,145.1798,144.6395
2014-12-09,144.8687,144.1346,145.4857,144.9234
2014-12-10,145.1366,144.3632,145.7674,145.1262
2014-12-11,145.3636,144.6138,146.0358,145.3703
2014-12-12,145.5561,144.696,146.2238,145.4234
2014-12-15,145.6738,144.6987,146.3309,145.4574
2014-12-16,145.659,144.7134,146.448,145.4488
2014-12-17,145.6639,144.7532,146.5544,145.5952
2014-12-18,145.932,145.0165,146.8561,145.9403
2014-12-19,146.2441,145.3,147.1393,146.2144
2014-12-22,146.5239,145.5825,147.4032,146.4918
2014-12-23,146.8003,145.8799,147.6616,146.7483
2014-12-24,147.075,146.155,147.8947,146.982
2014-12-26,147.2986,146.4036,148.1013,147.1951
2014-12-29,147.4801,146.6288,148.3041,147.4319
2014-12-30,147.6689,146.8513,148.4952,147.6591
2014-12-31,147.8899,147.0122,148.6988,147.7806
2015-01-02,148.066,147.0848,148.8403,147.8484
2015-01-05,148.1023,147.0699,148.8481,147.807
2015-01-06,148.0798,147.0231,148.8326,147.7598
2015-01-07,148.073,147.0536,148.8476,147.8145
2015-01-08,148.1962,147.2223,148.9706,147.9879
2015-01-09,148.3647,147.3217,149.1033,148.0602
2015-01-12,148.4425,147.3523,149.1529,148.0709
2015-01-13,148.5161,147.3727,149.2425,148.0982
2015-01-14,148.4553,147.3262,149.1999,148.0846
2015-01-15,148.4589,147.3005,149.1673,148.06
2015-01-16,148.3975,147.2644,149.1718,148.1161
2015-01-20,148.4893,147.3042,149.2415,148.1412
2015-01-21,148.4821,147.2694,149.2019,148.0943
2015-01-22,148.459,147.2689,149.251,148.1946
2015-01-23,148.5337,147.3577,149.2876,148.2397
2015-01-26,148.5657,147.3969,149.3092,148.311
2015-01-27,148.5503,147.4043,149.2843,148.2787
2015-01-28,148.541,147.2758,149.2592,148.108
2015-01-29,148.3878,147.1282,149.1461,148.0194
2015-01-30,148.2504,146.9703,149.0024,147.8189
2015-02-02,148.0494,146.7912,148.8925,147.7658
2015-02-03,148.0348,146.7946,148.8724,147.7914
2015-02-04,148.0458,146.8095,148.8542,147.7786
2015-02-05,148.0382,146.8554,148.9043,147.8709
2015-02-06,148.1241,146.9868,149.0372,147.9835
2015-02-09,148.2112,147.0714,149.0827,148.0394
2015-02-10,148.2819,147.1606,149.1524,148.1312
2015-02-11,148.3579,147.2405,149.2069,148.2067
2015-02-12,148.438,147.3439,149.2656,148.284
2015-02-13,148.4947,147.3764,149.2819,148.2867
2015-02-17,148.4881,147.4146,149.2862,148.3298
2015-02-18,148.5023,147.4539,149.2786,148.3464
2015-02-19,148.4881,147.4362,149.2333,148.3041
2015-02-20,148.4287,147.3944,149.2082,148.3244
2015-02-23,148.4175,147.3664,149.1712,148.2778
2015-02-24,148.3728,147.3607,149.1804,148.3106
2015-02-25,148.4224,147.4148,149.1907,148.3335
2015-02-26,148.4286,147.4385,149.1799,148.3338
2015-02-27,148.4184,147.4195,149.138,148.2888
2015-03-02,148.3839,147.3449,149.0815,148.2298
2015-03-03,148.3061,147.2335,148.977,148.1176
2015-03-04,148.1546,147.0792,148.8079,147.9616
2015-03-05,148.0207,146.9694,148.6831,147.8689
2015-03-06,147.929,146.8782,148.6244,147.7426
2015-03-09,147.8105,146.7988,148.5223,147.6639
2015-03-10,147.6939,146.6223,148.3719,147.4457
2015-03-11,147.4883,146.4573,148.1703,147.2503
2015-03-12,147.3348,146.3379,148.0513,147.1732
2015-03-13,147.2345,146.1883,147.9269,147.017
2015-03-16,147.1216,146.1196,147.8363,146.9664
2015-03-17,147.0225,146.0132,147.7208,146.8583
2015-03-18,146.9024,145.9121,147.6637,146.8164
2015-03-19,146.8408,145.8408,147.5826,146.7219
2015-03-20,146.7622,145.7944,147.4966,146.6638
2015-03-23,146.6997,145.7566,147.4377,146.6099
2015-03-24,146.6295,145.6827,147.3413,146.4968
2015-03-25,146.5344,145.5791,147.2236,146.3535
2015-03-26,146.3473,145.4289,147.0522,146.1914
2015-03-27,146.2075,145.3055,146.899,146.0791
2015-03-30,146.1227,145.2492,146.861,146.0743
2015-03-31,146.105,145.2009,146.8077,145.9887
2015-04-01,146.0189,145.1126,146.7015,145.8649
2015-04-02,145.9004,145.0169,146.5649,145.7524
2015-04-06,145.7589,144.8975,146.4617,145.6553
2015-04-07,145.6517,144.8049,146.3426,145.5287
2015-04-08,145.5272,144.7081,146.2176,145.419
2015-04-09,145.4049,144.6141,146.0948,145.3327
2015-04-10,145.3081,144.5368,145.9799,145.2433
2015-04-13,145.2209,144.4779,145.8809,145.1563
2015-04-14,145.1442,144.3629,145.7779,145.0389
2015-04-15,145.0265,144.2759,145.6658,144.9253
2015-04-16,144.9032,144.1503,145.526,144.7875
2015-04-17,144.7226,143.9639,145.3316,144.5881
2015-04-20,144.5746,143.8442,145.1891,144.4662
2015-04-21,144.4686,143.7113,145.0564,144.304
2015-04-22,144.3194,143.5835,144.9181,144.1911
2015-04-23,144.2038,143.4882,144.8255,144.1052
2015-04-24,144.0963,143.4034,144.7145,144.0069
2015-04-27,144.0077,143.2798,144.5996,143.8646
2015-04-28,143.8517,143.1486,144.5035,143.799
2015-04-29,143.7433,143.0716,144.4185,143.7313
2015-04-30,143.6476,142.9671,144.3283,143.6083
2015-05-01,143.5672,142.9097,144.2811,143.5962
2015-05-04,143.6346,142.9629,144.381,143.7207
2015-05-05,143.7456,143.0383,144.4805,143.7617
2015-05-06,143.8068,143.0336,144.5273,143.7626
2015-05-07,143.7875,143.0495,144.5757,143.8381
2015-05-08,143.9227,143.2129,144.7633,144.0562
2015-05-11,144.146,143.3489,144.9489,144.1593
2015-05-12,144.2047,143.3821,144.9705,144.1901
2015-05-13,144.2025,143.4132,144.9587,144.1935
2015-05-14,144.2522,143.4672,145.0012,144.2709
2015-05-15,144.334,143.5249,145.0543,144.3191
2015-05-18,144.3855,143.5988,145.0956,144.3928
2015-05-19,144.456,143.6798,145.1885,144.4976
2015-05-20,144.5513,143.7755,145.2495,144.5679
2015-05-21,144.6025,143.843,145.2827,144.6022
2015-05-22,144.6267,143.8765,145.2821,144.6021
2015-05-26,144.6176,143.8611,145.2637,144.5547
2015-05-27,144.5734,143.8474,145.2582,144.5642
2015-05-28,144.5907,143.8553,145.2505,144.5728
2015-05-29,144.6044,143.8136,145.2378,144.496
2015-06-01,144.5388,143.7768,145.1808,144.4401
2015-06-02,144.4735,143.7038,145.0915,144.3713
2015-06-03,144.4226,143.648,145.0251,144.3137
2015-06-04,144.3322,143.5301,144.9214,144.1701
2015-06-05,144.1945,143.3832,144.7696,144.0038
2015-06-08,144.0109,143.1948,144.5711,143.7851
2015-06-09,143.7767,142.997,144.3671,143.5824
2015-06-10,143.5925,142.8352,144.2273,143.4496
2015-06-11,143.487,142.7261,144.0996,143.3476
2015-06-12,143.3715,142.5824,143.9557,143.1985
2015-06-15,143.1934,142.3969,143.7608,143.0132
2015-06-16,143.0118,142.2273,143.5642,142.8521
2015-06-17,142.8575,142.0777,143.4176,142.7115
2015-06-18,142.7304,141.9861,143.388,142.7095
2015-06-19,142.7035,141.9361,143.3671,142.6241
2015-06-22,142.6692,141.8958,143.3268,142.5707
2015-06-23,142.618,141.8496,143.2694,142.5102
2015-06-24,142.5269,141.7638,143.1787,142.3922
2015-06-25,142.4066,141.6509,143.0553,142.2486
2015-06-26,142.2853,141.5275,142.9141,142.1282
2015-06-29,142.125,141.2783,142.7349,141.8542
2015-06-30,141.9004,141.0247,142.4941,141.574
2015-07-01,141.6955,140.8157,142.2895,141.3762
2015-07-02,141.5103,140.6325,142.0881,141.1818
2015-07-06,141.2479,140.4085,141.8604,140.9724
2015-07-07,141.0553,140.1954,141.7038,140.8489
2015-07-08,140.8843,140.0273,141.5212,140.6562
2015-07-09,140.7441,139.9255,141.3904,140.5389
2015-07-10,140.6839,139.8784,141.3372,140.4994
2015-07-13,140.6896,139.9063,141.3446,140.5428
2015-07-14,140.7115,139.9557,141.359,140.571
2015-07-15,140.7436,140.0164,141.4215,140.6705
2015-07-16,140.861,140.162,141.5434,140.829
2015-07-17,141.0005,140.3219,141.6632,140.9778
2015-07-20,141.1449,140.4872,141.8109,141.1501
2015-07-21,141.2954,140.6136,141.9469,141.2696
2015-07-22,141.4053,140.733,142.0471,141.3794
2015-07-23,141.4963,140.7977,142.1136,141.4184
2015-07-24,141.5209,140.8171,142.1256,141.4102
2015-07-27,141.5023,140.7977,142.0887,141.3766
2015-07-28,141.5066,140.8139,142.1617,141.4665
2015-07-29,141.5916,140.9015,142.2363,141.5374
2015-07-30,141.651,140.9605,142.2765,141.6014
2015-07-31,141.732,141.0404,142.3483,141.657
2015-08-03,141.7992,141.0346,142.3957,141.6898
2015-08-04,141.8197,141.0823,142.4281,141.7381
2015-08-05,141.8929,141.1866,142.5043,141.824
2015-08-06,141.9713,141.275,142.5695,141.8985
2015-08-07,142.0146,141.325,142.6246,141.979
2015-08-10,141.9832,141.3243,142.6712,142.0493
2015-08-11,141.9757,141.3382,142.6907,142.0859
2015-08-12,141.9725,141.2954,142.6643,142.0622
2015-08-13,141.9402,141.2805,142.6617,142.0568
2015-08-14,141.9456,141.3151,142.666,142.0818
2015-08-17,141.9482,141.3146,142.6559,142.0934
2015-08-18,141.9649,141.3002,142.6386,142.0576
2015-08-19,141.9178,141.2246,142.5933,141.9802
2015-08-20,141.7852,141.0844,142.4668,141.8051
2015-08-21,141.563,140.7466,142.2489,141.4351
2015-08-24,140.8795,140.0029,141.845,140.8563
2015-08-25,140.5673,139.391,141.4892,140.2165
2015-08-26,140.0952,138.869,141.0692,139.8454
2015-08-27,139.8174,138.5935,140.8371,139.6691
2015-08-28,139.6083,138.405,140.6011,139.4774
2015-08-31,139.3879,138.1618,140.3523,139.2122
2015-09-01,139.0172,137.7554,139.958,138.7828
2015-09-02,138.631,137.4142,139.5805,138.4626
2015-09-03,138.3422,137.1349,139.2898,138.1547
2015-09-04,137.9753,136.7337,138.8893,137.7394
2015-09-08,137.6848,136.4623,138.6054,137.5033
2015-09-09,137.5294,136.1617,138.413,137.1661
2015-09-10,137.1733,135.8709,138.0899,136.8487
2015-09-11,136.8664,135.5967,137.7709,136.5814
2015-09-14,136.5875,135.35,137.4743,136.3043
2015-09-15,136.3149,135.1261,137.2389,136.107
2015-09-16,136.1171,134.9746,137.0248,135.935
2015-09-17,135.9305,134.7939,136.8578,135.7172
2015-09-18,135.6446,134.5083,136.5701,135.3944
2015-09-21,135.3692,134.2748,136.3135,135.179
2015-09-22,135.0859,133.9862,135.9904,134.8923
2015-09-23,134.8041,133.7094,135.6733,134.6126
2015-09-24,134.4844,133.4187,135.3585,134.3306
2015-09-25,134.2671,133.2031,135.1254,134.1017
2015-09-28,133.9902,132.9688,134.839,133.8343
2015-09-29,133.7194,132.7103,134.5523,133.5893
2015-09-30,133.5312,132.5132,134.3497,133.4337
2015-10-01,133.3857,132.3555,134.2058,133.2603
2015-10-02,133.1474,132.1167,133.9977,133.093
2015-10-05,133.0183,132.032,133.9217,133.0582
2015-10-06,132.9828,131.9787,133.848,132.9671
2015-10-07,132.9373,131.9681,133.8222,132.9531
2015-10-08,132.9052,131.9813,133.8309,132.992
2015-10-09,132.9449,131.991,133.8577,132.9938
2015-10-12,132.9671,132.0334,133.867,133.0136
2015-10-13,132.9687,132.0274,133.8379,132.9734
2015-10-14,132.9215,131.9797,133.7702,132.886
2015-10-15,132.8756,131.9587,133.7731,132.9305
2015-10-16,132.966,132.0076,133.833,132.9734
2015-10-19,132.9921,132.0614,133.8358,133.005
2015-10-20,133.0056,132.112,133.8633,133.0613
2015-10-21,133.0888,132.1607,133.9387,133.0691
2015-10-22,133.1137,132.2309,134.1222,133.275
2015-10-23,133.3521,132.4519,134.3114,133.4947
2015-10-26,133.572,132.6562,134.4884,133.6657
2015-10-27,133.7099,132.7739,134.5948,133.7615
2015-10-28,133.8119,132.9061,134.7809,133.9761
2015-10-29,134.021,133.117,134.9623,134.167
2015-10-30,134.1937,133.2586,135.1042,134.2574
2015-11-02,134.3193,133.4084,135.2757,134.4595
2015-11-03,134.5135,133.6183,135.432,134.6293
2015-11-04,134.6836,133.7862,135.5611,134.7659
2015-11-05,134.82,133.9098,135.6816,134.8539
2015-11-06,134.899,133.9698,135.7552,134.9259
2015-11-09,134.9527,133.942,135.7764,134.8807
2015-11-10,134.9063,133.9273,135.7253,134.8734
2015-11-11,134.9079,133.9367,135.6997,134.8776
2015-11-12,134.8861,133.8797,135.6475,134.7753
2015-11-13,134.775,133.7754,135.5459,134.638
2015-11-16,134.6309,133.6629,135.4369,134.5727
2015-11-17,134.5928,133.615,135.3634,134.5004
2015-11-18,134.538,133.5981,135.413,134.5842
2015-11-19,134.6186,133.707,135.484,134.684
2015-11-20,134.7514,133.8169,135.5785,134.779
2015-11-23,134.8264,133.9156,135.6371,134.838
2015-11-24,134.8393,133.9253,135.6489,134.8723
2015-11-25,134.8705,133.9699,135.6661,134.8849
2015-11-27,134.8915,133.9934,135.6619,134.8724
2015-11-30,134.888,133.9849,135.634,134.8343
2015-12-01,134.8866,134.0032,135.6796,134.9121
2015-12-02,134.9653,134.0567,135.7313,134.9296
2015-12-03,134.9831,133.9705,135.722,134.8188
2015-12-04,134.8908,133.9232,135.7609,134.8999
2015-12-07,134.9546,133.9601,135.7945,134.934
2015-12-08,134.952,133.9216,135.7553,134.8572
2015-12-09,134.8655,133.7888,135.677,134.7037
2015-12-10,134.7121,133.662,135.5279,134.5577
2015-12-11,134.4974,133.4619,135.3026,134.3505
2015-12-14,134.3024,133.2984,135.1527,134.2368
2015-12-15,134.251,133.2722,135.1765,134.2682
2015-12-16,134.3115,133.2638,135.2226,134.3468
2015-12-17,134.3797,133.2948,135.2684,134.3284
2015-12-18,134.3143,133.1111,135.166,134.0944
2015-12-21,134.1605,132.9423,134.9964,133.9527
2015-12-22,134.0331,132.8495,134.9152,133.913
2015-12-23,133.9998,132.8666,134.8915,133.9246
2015-12-24,134.0057,132.8965,134.8748,133.9229
2015-12-28,133.98,132.8782,134.8097,133.8837
2015-12-29,133.981,132.8841,134.7971,133.8962
2015-12-30,133.978,132.8927,134.764,133.8652
2015-12-31,133.9303,132.8467,134.696,133.7762
2016-01-04,133.7464,132.6474,134.5172,133.6286
2016-01-05,133.6002,132.5089,134.3715,133.5125
2016-01-06,133.4241,132.3731,134.2441,133.4061
2016-01-07,133.2205,132.2086,134.0634,133.2145
2016-01-08,133.0688,132.0133,133.8847,132.9763
2016-01-11,132.8664,131.7707,133.6576,132.7511
2016-01-12,132.6832,131.5633,133.4514,132.5584
2016-01-13,132.502,131.2778,133.2528,132.2506
2016-01-14,132.2049,131.0209,133.0449,132.0467
2016-01-15,131.87,130.7033,132.7407,131.7586
2016-01-19,131.6256,130.5114,132.5226,131.5635
2016-01-20,131.3317,130.1957,132.2103,131.235
2016-01-21,131.0482,129.9115,131.944,130.9611
2016-01-22,130.8751,129.7168,131.7482,130.7699
2016-01-25,130.6641,129.4331,131.5117,130.446
2016-01-26,130.3668,129.1958,131.2682,130.2237
2016-01-27,130.1177,128.9721,131.0707,129.9782
2016-01-28,129.9169,128.7477,130.8585,129.7846
2016-01-29,129.758,128.619,130.8054,129.7839
2016-02-01,129.7181,128.5664,130.7485,129.7291
2016-02-02,129.6109,128.4173,130.6062,129.5325
2016-02-03,129.4513,128.1798,130.4122,129.3719
2016-02-04,129.2937,128.0623,130.2794,129.2777
2016-02-05,129.1955,127.9495,130.1379,129.1451
2016-02-08,129.0249,127.8022,130.0258,129.0297
2016-02-09,128.8359,127.6728,129.9309,128.9659
2016-02-10,128.8166,127.6054,129.8943,128.8495
2016-02-11,128.587,127.4314,129.6965,128.6661
2016-02-12,128.4979,127.3641,129.624,128.637
2016-02-16,128.5438,127.3985,129.6228,128.6332
2016-02-17,128.5744,127.4722,129.6627,128.7126
2016-02-18,128.6732,127.6243,129.7938,128.8174
2016-02-19,128.755,127.7407,129.8819,128.9263
2016-02-22,128.9226,127.9158,130.0277,129.0757
2016-02-23,129.0298,128.0492,130.1195,129.1569
2016-02-24,129.0722,128.0897,130.1868,129.2483
2016-02-25,129.1965,128.2034,130.2933,129.3976
2016-02-26,129.3732,128.3773,130.4395,129.5207
2016-02-29,129.5677,128.5999,130.6673,129.7475
2016-03-01,129.8381,128.8789,130.9733,130.0983
2016-03-02,130.185,129.217,131.2746,130.4218
2016-03-03,130.5077,129.5543,131.5656,130.7349
2016-03-04,130.8239,129.894,131.8824,131.0878
2016-03-07,131.1593,130.2617,132.2194,131.4601
2016-03-08,131.5052,130.6143,132.5352,131.7694
2016-03-09,131.8488,130.978,132.8579,132.1284
2016-03-10,132.2343,131.3112,133.1941,132.4451
2016-03-11,132.5809,131.6917,133.5632,132.8453
2016-03-14,132.9818,132.0716,133.9367,133.1807
2016-03-15,133.2812,132.41,134.2525,133.5329
2016-03-16,133.6012,132.7564,134.5543,133.84
2016-03-17,133.9133,133.0941,134.9458,134.2576
2016-03-18,134.3483,133.5012,135.3367,134.6431
2016-03-21,134.7293,133.9017,135.6915,135.0083
2016-03-22,135.083,134.2801,136.0475,135.3581
2016-03-23,135.4287,134.603,136.3462,135.6314
2016-03-24,135.6625,134.8448,136.5537,135.8499
2016-03-28,135.9204,135.1124,136.8008,136.1152
2016-03-29,136.1823,135.3752,137.0564,136.3974
2016-03-30,136.5105,135.7125,137.3658,136.6932
2016-03-31,136.8056,135.9939,137.6431,136.9462
2016-04-01,137.0204,136.2434,137.9557,137.28
2016-04-04,137.3604,136.5618,138.25,137.5698
2016-04-05,137.6072,136.7749,138.4564,137.7469
2016-04-06,137.7879,136.9527,138.6204,137.9397
2016-04-07,137.9411,137.1145,138.7463,138.0797
2016-04-08,138.1162,137.2884,138.9045,138.2251
2016-04-11,138.2954,137.4675,139.0601,138.36
2016-04-12,138.4395,137.6389,139.2274,138.557
2016-04-13,138.6596,137.895,139.467,138.8245
2016-04-14,138.9249,138.167,139.7052,139.0633
2016-04-15,139.1793,138.3998,139.9225,139.2773
2016-04-18,139.3657,138.6218,140.1448,139.5262
2016-04-19,139.6298,138.9092,140.449,139.8396
2016-04-20,139.9396,139.2246,140.7412,140.1445
2016-04-21,140.2396,139.4903,141.0182,140.3745
2016-04-22,140.4874,139.7576,141.2803,140.6543
2016-04-25,140.7393,140.0377,141.5284,140.9238
2016-04-26,141.0247,140.3432,141.8031,141.2212
2016-04-27,141.3113,140.6435,142.1069,141.5323
2016-04-28,141.5712,140.8931,142.368,141.7537
2016-04-29,141.758,141.07,142.5559,141.9355
2016-05-02,141.9537,141.2954,142.7795,142.1772
2016-05-03,142.1467,141.4312,142.941,142.3066
2016-05-04,142.2449,141.5238,143.0122,142.4009
2016-05-05,142.3412,141.6193,143.1004,142.473
2016-05-06,142.4134,141.7027,143.1852,142.5778
2016-05-09,142.5171,141.7133,143.2513,142.594
2016-05-10,142.5558,141.7883,143.3317,142.7006
2016-05-11,142.6692,141.8352,143.4121,142.7089
2016-05-12,142.7077,141.8581,143.4272,142.7382
2016-05-13,142.7322,141.8226,143.4405,142.6729
2016-05-16,142.6673,141.7927,143.3775,142.6328
2016-05-17,142.6332,141.7004,143.3098,142.5209
2016-05-18,142.5136,141.615,143.2386,142.4697
2016-05-19,142.4432,141.5206,143.1611,142.3877
2016-05-20,142.3962,141.5031,143.1284,142.3605
2016-05-23,142.3695,141.481,143.0733,142.3176
2016-05-24,142.3491,141.4931,143.121,142.3855
2016-05-25,142.4159,141.6017,143.2097,142.4682
2016-05-26,142.4932,141.6641,143.2575,142.4965
2016-05-27,142.5418,141.718,143.2752,142.5382
2016-05-31,142.6076,141.6606,143.3174,142.4407
2016-06-01,142.5277,141.5976,143.2575,142.4187
2016-06-02,142.4849,141.5665,143.2016,142.4037
2016-06-03,142.4203,141.4955,143.1195,142.342
2016-06-06,142.3812,141.4903,143.0893,142.3165
2016-06-07,142.3704,141.4854,143.0601,142.2723
2016-06-08,142.3314,141.4876,143.042,142.2849
2016-06-09,142.3177,141.4716,143.0161,142.2822
2016-06-10,142.2685,141.4603,142.9841,142.2567
2016-06-13,142.2179,141.4349,142.9678,142.1925
2016-06-14,142.1482,141.3901,142.8986,142.149
2016-06-15,142.1283,141.3379,142.8631,142.0661
2016-06-16,142.0289,141.2219,142.8234,142.0624
2016-06-17,142.0265,141.1842,142.7832,141.9974
2016-06-20,142.0232,141.206,142.7909,141.9814
2016-06-21,142.025,141.2374,142.8318,142.057
2016-06-22,142.1033,141.3512,142.921,142.1488
2016-06-23,142.2432,141.5094,143.0712,142.3357
2016-06-24,142.1698,141.4099,143.0189,142.2076
2016-06-27,142.005,141.1777,142.8229,142.0268
2016-06-28,141.8969,141.0369,142.7028,141.9416
2016-06-29,141.8678,140.9819,142.6743,141.9503
2016-06-30,141.8845,141.0365,142.779,142.0888
2016-07-01,142.0165,141.1689,142.879,142.1801
2016-07-05,142.0737,141.1977,142.9123,142.1825
2016-07-06,142.0652,141.1856,142.899,142.1985
2016-07-07,142.0806,141.1858,142.9059,142.1844
2016-07-08,142.1425,141.2607,142.9465,142.2559
2016-07-11,142.2209,141.3665,143.0092,142.3376
2016-07-12,142.3336,141.494,143.1077,142.4513
2016-07-13,142.4578,141.6363,143.2483,142.621
2016-07-14,142.6428,141.8228,143.4148,142.7727
2016-07-15,142.8187,141.9836,143.5623,142.9286
2016-07-18,142.9739,142.1795,143.7159,143.1063
2016-07-19,143.1245,142.3586,143.8756,143.2923
2016-07-20,143.3042,142.5213,144.0251,143.4327
2016-07-21,143.4362,142.6029,144.1321,143.4774
2016-07-22,143.4989,142.6657,144.1672,143.5322
2016-07-25,143.5657,142.7113,144.2078,143.5618
2016-07-26,143.6035,142.7659,144.2391,143.5998
2016-07-27,143.636,142.8114,144.264,143.6286
2016-07-28,143.6499,142.844,144.2848,143.6672
2016-07-29,143.6713,142.8897,144.3002,143.6966
2016-08-01,143.7176,142.9234,144.3231,143.708
2016-08-02,143.729,142.9252,144.3069,143.6886
2016-08-03,143.7105,142.9278,144.286,143.6857
2016-08-04,143.7148,142.9272,144.2677,143.6581
2016-08-05,143.7287,142.9756,144.3351,143.7553
2016-08-08,143.8049,143.0368,144.3993,143.8433
2016-08-09,143.91,143.1545,144.548,144.008
2016-08-10,144.0608,143.2997,144.6808,144.1389
2016-08-11,144.1778,143.4529,144.8417,144.3145
2016-08-12,144.3213,143.6106,144.9836,144.4806
2016-08-15,144.4871,143.7818,145.1268,144.6416
2016-08-16,144.6399,143.9495,145.2643,144.7683
2016-08-17,144.7755,144.0983,145.4626,144.9787
2016-08-18,144.9909,144.3145,145.6528,145.1656
2016-08-19,145.1572,144.4841,145.8082,145.3404
2016-08-22,145.3207,144.6483,145.9542,145.4921
2016-08-23,145.4797,144.84,146.1145,145.652
2016-08-24,145.6271,145.0005,146.2474,145.7865
2016-08-25,145.7545,145.1522,146.3675,145.9257
2016-08-26,145.8958,145.2531,146.5072,146.0225
2016-08-29,146.0096,145.3871,146.6617,146.1824
2016-08-30,146.1677,145.5743,146.8362,146.3798
2016-08-31,146.3546,145.7248,147.0345,146.5803
2016-09-01,146.5666,145.8758,147.2279,146.7642
2016-09-02,146.7677,146.0755,147.4144,146.9572
2016-09-06,146.9518,146.2333,147.5883,147.1266
2016-09-07,147.1004,146.3848,147.7298,147.2463
2016-09-08,147.2224,146.527,147.8455,147.3699
2016-09-09,147.314,146.5287,147.9306,147.3333
2016-09-12,147.2679,146.5,148.0018,147.4131
2016-09-13,147.3012,146.4537,148.008,147.3554
2016-09-14,147.2387,146.3989,147.9544,147.2786
2016-09-15,147.1783,146.3536,147.9118,147.2484
2016-09-16,147.1262,146.2719,147.8298,147.1392
2016-09-19,147.039,146.2065,147.7498,147.0466
2016-09-20,146.9874,146.1359,147.6634,146.9428
2016-09-21,146.9221,146.0795,147.6062,146.9193
2016-09-22,146.9137,146.082,147.581,146.9003
2016-09-23,146.8838,146.0292,147.5278,146.8076
2016-09-26,146.7685,145.9302,147.4025,146.6794
2016-09-27,146.6471,145.8366,147.3039,146.6141
2016-09-28,146.5804,145.7484,147.212,146.549
2016-09-29,146.5121,145.6319,147.1294,146.4047
2016-09-30,146.4027,145.5655,147.0441,146.3103
2016-10-03,146.2987,145.4506,146.9107,146.1859
2016-10-04,146.1739,145.3213,146.7785,146.0388
2016-10-05,146.0508,145.2183,146.6574,145.9466
2016-10-06,145.9522,145.1247,146.5326,145.8453
2016-10-07,145.8535,145.0591,146.4549,145.7807
2016-10-10,145.8143,145.0553,146.4171,145.7524
2016-10-11,145.781,144.9809,146.3548,145.6644
2016-10-12,145.6873,144.9262,146.3029,145.6276
2016-10-13,145.5947,144.7795,146.193,145.5102
2016-10-14,145.5125,144.721,146.1294,145.4453
2016-10-17,145.4631,144.6551,146.0626,145.365
2016-10-18,145.4235,144.6295,146.0152,145.3131
2016-10-19,145.3965,144.6222,146.0003,145.291
2016-10-20,145.3586,144.6011,145.9725,145.2519
2016-10-21,145.2699,144.5133,145.8738,145.1713
2016-10-24,145.2123,144.4726,145.8258,145.1059
2016-10-25,145.1386,144.411,145.7446,145.0237
2016-10-26,145.0528,144.3481,145.6819,144.9708
2016-10-27,145.0107,144.3247,145.6379,144.9454
2016-10-28,145.0024,144.2552,145.6209,144.8993
2016-10-31,144.9681,144.2428,145.5755,144.87
2016-11-01,144.954,144.1875,145.5406,144.8096
2016-11-02,144.8675,144.1253,145.4586,144.7306
2016-11-03,144.7886,144.0801,145.4094,144.6774
2016-11-04,144.7233,143.9956,145.3309,144.5931
2016-11-07,144.7227,144.0105,145.4206,144.7061
2016-11-08,144.8284,144.127,145.5533,144.8565
2016-11-09,144.8904,144.1745,145.8502,145.1699
2016-11-10,145.2372,144.5406,146.3752,145.7011
2016-11-11,145.7281,145.0581,146.9072,146.2484
2016-11-14,146.3014,145.6177,147.4561,146.8182
2016-11-15,146.853,146.1286,147.9616,147.3373
2016-11-16,147.3489,146.6111,148.4313,147.8126
2016-11-17,147.8105,147.0837,148.9293,148.3285
2016-11-18,148.3246,147.5757,149.3952,148.7881
2016-11-21,148.8014,148.0559,149.8496,149.2721
2016-11-22,149.2994,148.5327,150.3003,149.7301
2016-11-23,149.756,148.9594,150.7247,150.1388
2016-11-25,150.1889,149.3809,151.1103,150.5311
2016-11-28,150.5651,149.7472,151.4703,150.8452
2016-11-29,150.9038,150.0922,151.7878,151.1786
2016-11-30,151.2704,150.4497,152.1343,151.484
2016-12-01,151.5782,150.7941,152.5297,151.9053
2016-12-02,151.9915,151.1797,152.9,152.2704
2016-12-05,152.3943,151.5744,153.2795,152.6577
2016-12-06,152.7931,151.9819,153.6829,153.0812
2016-12-07,153.2393,152.4413,154.2198,153.6475
2016-12-08,153.812,152.9818,154.7922,154.1579
2016-12-09,154.3227,153.4739,155.2979,154.6799
2016-12-12,154.8264,154.0044,155.8512,155.238
2016-12-13,155.3954,154.5603,156.3946,155.7932
2016-12-14,155.9415,155.0471,156.9241,156.2452
2016-12-15,156.4077,155.5229,157.4166,156.7079
2016-12-16,156.8825,155.9525,157.8426,157.1007
2016-12-19,157.2877,156.3685,158.2234,157.5031
2016-12-20,157.72,156.809,158.6233,157.9351
2016-12-21,158.1435,157.2354,159.0158,158.3261
2016-12-22,158.5155,157.6088,159.3622,158.7019
2016-12-23,158.8933,157.9581,159.7074,159.0247
2016-12-27,159.216,158.2909,160.0056,159.3138
2016-12-28,159.5201,158.5479,160.2804,159.5302
2016-12-29,159.7352,158.7656,160.4848,159.7019
2016-12-30,159.9023,158.9536,160.6577,159.8618
2017-01-03,160.1188,159.1237,160.8554,160.0554
2017-01-04,160.3301,159.3128,161.0366,160.2517
2017-01-05,160.512,159.4526,161.188,160.4004
2017-01-06,160.6548,159.6081,161.3154,160.5472
2017-01-09,160.7712,159.7258,161.4098,160.619
2017-01-10,160.8311,159.8079,161.4747,160.6605
2017-01-11,160.8657,159.8675,161.5222,160.7371
2017-01-12,160.921,159.8901,161.5526,160.7699
2017-01-13,160.9644,159.9691,161.6296,160.8251
2017-01-17,161.013,159.9365,161.6476,160.7672
2017-01-18,160.9655,159.9118,161.6092,160.7537
2017-01-19,160.9584,159.8727,161.5854,160.6882
2017-01-20,160.9219,159.8584,161.5461,160.6649
2017-01-23,160.8862,159.7975,161.4843,160.5744
2017-01-24,160.8069,159.7474,161.4651,160.5815
2017-01-25,160.8651,159.8275,161.6195,160.7604
2017-01-26,161.0609,160.0349,161.7858,160.9633
2017-01-27,161.2497,160.202,161.9572,161.131
2017-01-30,161.3936,160.3492,162.1013,161.31
2017-01-31,161.5519,160.4824,162.2456,161.448
2017-02-01,161.7079,160.6199,162.3897,161.5535
2017-02-02,161.7861,160.7004,162.4346,161.624
2017-02-03,161.8941,160.7891,162.5202,161.737
2017-02-06,161.991,160.8989,162.589,161.8191
2017-02-07,162.0705,160.9809,162.6505,161.8733
2017-02-08,162.111,161.038,162.6739,161.9219
2017-02-09,162.1753,161.1249,162.7592,162.0252
2017-02-10,162.2931,161.2456,162.8529,162.1221
2017-02-13,162.411,161.4015,163.0182,162.3039
2017-02-14,162.5787,161.5853,163.2124,162.5305
2017-02-15,162.8047,161.8065,163.4137,162.7622
2017-02-16,163.023,162.0159,163.6277,163.005
2017-02-17,163.2443,162.2449,163.8751,163.2765
2017-02-21,163.5212,162.5486,164.1568,163.5518
2017-02-22,163.7845,162.8305,164.4272,163.8473
2017-02-23,164.0858,163.1367,164.7069,164.1548
2017-02-24,164.3499,163.4335,164.9785,164.4506
2017-02-27,164.6694,163.7694,165.282,164.7521
2017-02-28,164.9733,164.0982,165.6194,165.0773
2017-03-01,165.399,164.5666,166.1946,165.6726
2017-03-02,166.0069,165.0989,166.7636,166.171
2017-03-03,166.4929,165.5839,167.2366,166.6348
2017-03-06,166.9293,166.0193,167.6583,167.0624
2017-03-07,167.3513,166.4525,168.0535,167.4642
2017-03-08,167.7678,166.8597,168.4411,167.8304
2017-03-09,168.1548,167.2478,168.8025,168.1982
2017-03-10,168.5375,167.5991,169.1604,168.529
2017-03-13,168.8668,167.945,169.4746,168.8637
2017-03-14,169.1768,168.2516,169.7651,169.1498
2017-03-15,169.4598,168.5208,170.0243,169.4191
2017-03-16,169.7374,168.7734,170.288,169.6465
2017-03-17,169.94,168.9464,170.4637,169.8013
2017-03-20,170.0551,169.0759,170.581,169.9119
2017-03-21,170.1578,169.0736,170.6717,169.8904
2017-03-22,170.1145,169.0222,170.6409,169.8616
2017-03-23,170.0923,169.0314,170.676,169.863
2017-03-24,170.1097,168.9821,170.6649,169.8043
2017-03-27,169.9527,168.8268,170.5111,169.689
2017-03-28,169.8223,168.7065,170.4184,169.6217
2017-03-29,169.7334,168.5959,170.3151,169.4738
2017-03-30,169.5659,168.4693,170.187,169.3707
2017-03-31,169.4608,168.3654,170.0608,169.2394
2017-04-03,169.3271,168.2169,169.9115,169.1239
2017-04-04,169.1945,168.1156,169.7695,169.0134
2017-04-05,169.1094,167.9963,169.6944,168.8581
2017-04-06,168.9402,167.8511,169.5627,168.7416
2017-04-07,168.7782,167.7354,169.4323,168.6162
2017-04-10,168.6525,167.6495,169.3137,168.5057
2017-04-11,168.5133,167.513,169.1628,168.3688
2017-04-12,168.3454,167.3738,168.9831,168.2098
2017-04-13,168.1812,167.1541,168.8025,167.9508
2017-04-17,167.9582,166.9354,168.599,167.7752
2017-04-18,167.7588,166.7478,168.3858,167.5759
2017-04-19,167.5803,166.5299,168.1958,167.341
2017-04-20,167.371,166.3596,168.0514,167.2258
2017-04-21,167.2261,166.2123,167.9001,167.0397
2017-04-24,167.1516,166.1239,167.8069,166.9782
2017-04-25,167.1403,166.1471,167.8144,167.0051
2017-04-26,167.1579,166.2009,167.8698,167.0356
2017-04-27,167.1819,166.1667,167.8669,167.0119
2017-04-28,167.1379,166.0942,167.8026,166.924
2017-05-01,167.0726,166.0579,167.7303,166.8516
2017-05-02,167.0154,166.0141,167.662,166.8125
2017-05-03,166.9513,165.989,167.6336,166.8085
2017-05-04,166.9849,166.0003,167.6534,166.7856
2017-05-05,166.9915,165.9944,167.6284,166.7742
2017-05-08,166.9675,165.902,167.5782,166.6886
2017-05-09,166.8798,165.7604,167.4642,166.5311
2017-05-10,166.7081,165.6272,167.2893,166.394
2017-05-11,166.5555,165.4693,167.1176,166.2416
2017-05-12,166.385,165.323,166.9407,166.0991
2017-05-15,166.2594,165.2224,166.8011,165.9869
2017-05-16,166.1541,165.1262,166.6786,165.871
2017-05-17,165.9729,164.9337,166.4924,165.646
2017-05-18,165.7547,164.7384,166.3035,165.4496
2017-05-19,165.5647,164.5843,166.195,165.3419
2017-05-22,165.5274,164.5529,166.1601,165.3315
2017-05-23,165.5212,164.5685,166.1411,165.3388
2017-05-24,165.5397,164.5676,166.1293,165.3188
2017-05-25,165.5246,164.5746,166.0986,165.3179
2017-05-26,165.5112,164.5962,166.088,165.3361
2017-05-30,165.5248,164.59,166.0773,165.325
2017-05-31,165.5123,164.5661,166.0467,165.3228
2017-06-01,165.5264,164.5751,166.0781,165.3881
2017-06-02,165.5558,164.6373,166.1192,165.4321
2017-06-05,165.5985,164.7198,166.1687,165.4851
2017-06-06,165.6239,164.7764,166.1956,165.5166
2017-06-07,165.6491,164.8298,166.2226,165.5646
2017-06-08,165.6833,164.8981,166.3064,165.6317
2017-06-09,165.7802,165.0211,166.4934,165.8447
2017-06-12,165.9582,165.2279,166.6962,166.0718
2017-06-13,166.2286,165.5046,166.9461,166.3352
2017-06-14,166.4574,165.7019,167.1682,166.5847
2017-06-15,166.6595,165.8906,167.3513,166.7781
2017-06-16,166.8517,166.0789,167.5313,166.9587
2017-06-19,167.0731,166.3082,167.7468,167.1826
2017-06-20,167.2978,166.5102,167.9387,167.3469
2017-06-21,167.4594,166.6483,168.0773,167.4578
2017-06-22,167.5506,166.7293,168.155,167.4998
2017-06-23,167.6345,166.725,168.2094,167.4862
2017-06-26,167.6426,166.7368,168.2128,167.4864
2017-06-27,167.6464,166.7389,168.2054,167.4797
2017-06-28,167.6602,166.7956,168.3002,167.5973
2017-06-29,167.8075,166.8836,168.45,167.6804
2017-06-30,167.9149,167.0,168.5329,167.7628
2017-07-03,168.0362,167.1439,168.7362,167.9597
2017-07-05,168.2324,167.3457,168.92,168.1495
2017-07-06,168.3948,167.4795,169.0688,168.2495
2017-07-07,168.514,167.5976,169.1786,168.3905
2017-07-10,168.6163,167.7099,169.2826,168.4812
2017-07-11,168.6809,167.7241,169.3273,168.5182
2017-07-12,168.735,167.7892,169.3645,168.5866
2017-07-13,168.7996,167.8605,169.3989,168.6404
2017-07-14,168.8045,167.8927,169.4244,168.6809
2017-07-17,168.8355,167.9442,169.4881,168.7531
2017-07-18,168.8943,168.023,169.5467,168.829
2017-07-19,168.9806,168.1366,169.6337,168.9447
2017-07-20,169.0952,168.2797,169.7428,169.061
2017-07-21,169.216,168.3958,169.8378,169.1722
2017-07-24,169.3274,168.5262,169.9374,169.2794
2017-07-25,169.4651,168.703,170.1048,169.458
2017-07-26,169.6375,168.8882,170.2846,169.6317
2017-07-27,169.8098,169.0507,170.4258,169.7985
2017-07-28,169.9684,169.2009,170.6168,170.0034
2017-07-31,170.1992,169.4448,170.8598,170.2457
2017-08-01,170.4787,169.7065,171.1291,170.5405
2017-08-02,170.7622,170.0091,171.4604,170.8971
2017-08-03,171.0909,170.3716,171.8282,171.2919
2017-08-04,171.5157,170.7774,172.2263,171.7128
2017-08-07,171.7852,171.0829,172.5279,172.0214
2017-08-08,172.0742,171.3325,172.809,172.2365
2017-08-09,172.2413,171.5138,173.07,172.5205
2017-08-10,172.4798,171.7454,173.291,172.7078
2017-08-11,172.6671,171.9173,173.4802,172.8362
2017-08-14,172.8663,172.1384,173.6875,173.0535
2017-08-15,173.104,172.3873,173.9052,173.2689
2017-08-16,173.3526,172.6415,174.1523,173.526
2017-08-17,173.5915,172.8619,174.3741,173.7033
2017-08-18,173.7368,173.0282,174.591,173.8914
2017-08-21,173.9262,173.2254,174.7817,174.1084
2017-08-22,174.1493,173.4807,175.066,174.4178
2017-08-23,174.3981,173.7499,175.332,174.6891
2017-08-24,174.6704,173.9636,175.5597,174.8716
2017-08-25,174.8816,174.2023,175.7841,175.1023
2017-08-28,175.1201,174.3885,175.9849,175.2778
2017-08-29,175.2469,174.5256,176.1174,175.4408
2017-08-30,175.4158,174.72,176.357,175.6803
2017-08-31,175.6565,174.9898,176.6259,175.9476
2017-09-01,175.9465,175.262,176.8866,176.1809
2017-09-05,176.1583,175.3121,177.0526,176.2198
2017-09-06,176.2165,175.3813,177.0925,176.2477
2017-09-07,176.2571,175.2461,177.1114,176.1375
2017-09-08,176.1421,175.1643,177.0482,176.1064
2017-09-11,176.2206,175.27,177.1551,176.1925
2017-09-12,176.3074,175.3934,177.2314,176.3114
2017-09-13,176.3782,175.5015,177.325,176.4386
2017-09-14,176.4964,175.6419,177.4145,176.5426
2017-09-15,176.6302,175.7965,177.5582,176.7059
2017-09-18,176.819,176.0147,177.7622,176.9383
2017-09-19,177.0473,176.2823,178.0182,177.2344
2017-09-20,177.3523,176.5836,178.3066,177.5557
2017-09-21,177.6434,176.8981,178.5809,177.8291
2017-09-22,177.8867,177.113,178.7886,178.0257
2017-09-25,178.0868,177.2928,178.9765,178.2449
2017-09-26,178.3046,177.5098,179.1664,178.4213
2017-09-27,178.5273,177.7537,179.4022,178.6578
2017-09-28,178.765,177.9823,179.6241,178.8799
2017-09-29,179.0003,178.1988,179.8219,179.0965
2017-10-02,179.2174,178.4295,180.0974,179.4044
2017-10-03,179.5287,178.7305,180.4102,179.7101
2017-10-04,179.8542,179.0613,180.7156,180.0086
2017-10-05,180.1622,179.39,181.0729,180.3555
2017-10-06,180.5056,179.7148,181.3923,180.7006
2017-10-09,180.8467,180.0526,181.7121,181.0323
2017-10-10,181.1693,180.3993,182.0286,181.3722
2017-10-11,181.4733,180.6959,182.3175,181.6691
2017-10-12,181.777,180.9532,182.5942,181.895
2017-10-13,182.0206,181.2155,182.8579,182.1621
2017-10-16,182.3123,181.5255,183.139,182.4449
2017-10-17,182.5878,181.7681,183.3761,182.6861
2017-10-18,182.8396,182.0136,183.608,182.938
2017-10-19,183.0503,182.229,183.7978,183.1464
2017-10-20,183.2796,182.49,184.0536,183.4339
2017-10-23,183.5674,182.79,184.33,183.7245
2017-10-24,183.8773,183.1188,184.6397,184.0199
2017-10-25,184.1677,183.3403,184.9012,184.253
2017-10-26,184.4351,183.5594,185.146,184.4656
2017-10-27,184.6246,183.7297,185.316,184.6668
2017-10-30,184.7902,183.9061,185.4723,184.822
2017-10-31,184.9497,184.0283,185.6009,184.9254
2017-11-01,185.1034,184.1601,185.7243,185.0348
2017-11-02,185.1837,184.2445,185.8734,185.2092
2017-11-03,185.3274,184.3799,186.0039,185.3098
2017-11-06,185.3651,184.4247,186.0803,185.3766
2017-11-07,185.4561,184.4826,186.1832,185.4217
2017-11-08,185.4978,184.4761,186.2177,185.3816
2017-11-09,185.3925,184.3436,186.1427,185.3381
2017-11-10,185.3168,184.2542,186.0415,185.2572
2017-11-13,185.2116,184.2008,185.9834,185.2154
2017-11-14,185.1359,184.1178,185.8867,185.1239
2017-11-15,184.9892,183.9857,185.741,184.9623
2017-11-16,184.8537,183.8718,185.6097,184.8202
2017-11-17,184.6998,183.7073,185.4307,184.6368
2017-11-20,184.5403,183.5479,185.2624,184.4901
2017-11-21,184.4057,183.4485,185.1764,184.4262
2017-11-22,184.3752,183.3749,185.1083,184.3352
2017-11-24,184.2915,183.3198,185.0045,184.2388
2017-11-27,184.2158,183.2755,184.9491,184.2023
2017-11-28,184.2102,183.3118,185.0901,184.3651
2017-11-29,184.4048,183.5195,185.4272,184.6326
2017-11-30,184.6948,183.8332,185.8361,185.0413
2017-12-01,185.1287,184.1203,186.2827,185.5056
2017-12-04,185.6678,184.7086,186.9264,186.0644
2017-12-05,186.2581,185.235,187.4661,186.5525
2017-12-06,186.7231,185.7016,187.9229,187.0138
2017-12-07,187.1713,186.1542,188.3535,187.4687
2017-12-08,187.6419,186.5867,188.7889,187.9064
2017-12-11,188.0804,187.0117,189.1982,188.3353
2017-12-12,188.5155,187.499,189.7213,188.859
2017-12-13,189.0055,187.9795,190.2046,189.2756
2017-12-14,189.4413,188.3676,190.5941,189.6358
2017-12-15,189.872,188.7999,191.0139,190.0331
2017-12-18,190.3245,189.2946,191.465,190.4871
2017-12-19,190.8187,189.7036,191.9057,190.8492
2017-12-20,191.2378,190.0927,192.2883,191.1878
2017-12-21,191.6047,190.4887,192.6431,191.5635
2017-12-22,191.9728,190.8004,192.9863,191.8735
2017-12-26,192.2653,191.1165,193.2587,192.1514
2017-12-27,192.5207,191.4172,193.53,192.4704
2017-12-28,192.8533,191.7783,193.8436,192.8162
2017-12-29,193.202,192.0925,194.1474,193.0798
