date,ADX
2010-01-04,18.9355
2010-01-05,15.2545
2010-01-06,12.3097
2010-01-07,23.0073
2010-01-08,32.4034
2010-01-11,36.9507
2010-01-12,42.5724
2010-01-13,47.0697
2010-01-14,52.8127
2010-01-15,57.7522
2010-01-19,62.4128
2010-01-20,66.7398
2010-01-21,54.7829
2010-01-22,57.5267
2010-01-25,60.6925
2010-01-26,63.2252
2010-01-27,65.2514
2010-01-28,68.4908
2010-01-29,69.7549
2010-02-01,70.7663
2010-02-02,60.0539
2010-02-03,53.3179
2010-02-04,52.0096
2010-02-05,54.1038
2010-02-08,55.7791
2010-02-09,57.1194
2010-02-10,54.3901
2010-02-11,45.1938
2010-02-12,37.0072
2010-02-16,38.6591
2010-02-17,39.9806
2010-02-18,39.5368
2010-02-19,36.206
2010-02-22,34.3316
2010-02-23,34.9367
2010-02-24,35.4208
2010-02-25,41.5889
2010-02-26,43.3535
2010-03-01,44.7652
2010-03-02,35.9871
2010-03-03,29.0917
2010-03-04,24.3349
2010-03-05,30.8786
2010-03-08,36.4948
2010-03-09,36.375
2010-03-10,35.7221
2010-03-11,37.2342
2010-03-12,43.3767
2010-03-15,42.0049
2010-03-16,41.3839
2010-03-17,43.0816
2010-03-18,39.9457
2010-03-19,39.7286
2010-03-22,31.9578
2010-03-23,27.2923
2010-03-24,24.9376
2010-03-25,30.8594
2010-03-26,30.3549
2010-03-29,29.9513
2010-03-30,33.2862
2010-03-31,30.9821
2010-04-01,32.4158
2010-04-05,38.5726
2010-04-06,45.1972
2010-04-07,45.5458
2010-04-08,48.3589
2010-04-09,51.7162
2010-04-12,56.1542
2010-04-13,60.9327
2010-04-14,66.7123
2010-04-15,71.375
2010-04-16,57.3073
2010-04-19,46.0532
2010-04-20,40.3327
2010-04-21,36.3502
2010-04-22,37.418
2010-04-23,43.9596
2010-04-26,42.4072
2010-04-27,34.0742
2010-04-28,27.5909
2010-04-29,28.3024
2010-04-30,25.0436
2010-05-03,22.4365
2010-05-04,20.0345
2010-05-05,24.6025
2010-05-06,34.3006
2010-05-07,42.0591
2010-05-10,45.0944
2010-05-11,41.4059
2010-05-12,38.4552
2010-05-13,37.9425
2010-05-14,43.643
2010-05-17,48.5727
2010-05-18,53.3092
2010-05-19,57.2846
2010-05-20,61.3688
2010-05-21,65.9899
2010-05-24,69.6868
2010-05-25,73.7143
2010-05-26,70.2505
2010-05-27,61.154
2010-05-28,51.6817
2010-06-01,46.8517
2010-06-02,37.5375
2010-06-03,32.5979
2010-06-04,33.8295
2010-06-07,36.5973
2010-06-08,40.1608
2010-06-09,36.9999
2010-06-10,30.4299
2010-06-11,25.6606
2010-06-14,24.8335
2010-06-15,28.6552
2010-06-16,34.4535
2010-06-17,39.6998
2010-06-18,43.8968
2010-06-21,49.6884
2010-06-22,51.6562
2010-06-23,44.6951
2010-06-24,37.3232
2010-06-25,34.1951
2010-06-28,32.2926
2010-06-29,35.4838
2010-06-30,38.6258
2010-07-01,44.329
2010-07-02,48.8916
2010-07-06,47.1181
2010-07-07,37.836
2010-07-08,36.0049
2010-07-09,36.4833
2010-07-12,38.366
2010-07-13,44.0915
2010-07-14,48.6718
2010-07-15,43.0441
2010-07-16,37.3092
2010-07-19,36.2804
2010-07-20,32.5902
2010-07-21,26.3659
2010-07-22,25.8497
2010-07-23,30.5924
2010-07-26,36.1257
2010-07-27,36.7562
2010-07-28,36.3221
2010-07-29,33.8838
2010-07-30,29.1505
2010-08-02,27.9342
2010-08-03,22.6297
2010-08-04,24.4686
2010-08-05,29.4725
2010-08-06,35.0534
2010-08-09,32.8574
2010-08-10,32.9028
2010-08-11,34.449
2010-08-12,39.4824
2010-08-13,44.6524
2010-08-16,50.1117
2010-08-17,53.5714
2010-08-18,57.5622
2010-08-19,61.4351
2010-08-20,66.294
2010-08-23,70.1812
2010-08-24,74.4216
2010-08-25,77.901
2010-08-26,72.3395
2010-08-27,60.2732
2010-08-30,50.6201
2010-08-31,46.8359
2010-09-01,41.709
2010-09-02,34.5111
2010-09-03,33.2548
2010-09-07,30.969
2010-09-08,30.7628
2010-09-09,26.535
2010-09-10,23.8327
2010-09-13,22.9834
2010-09-14,19.3461
2010-09-15,19.4392
2010-09-16,17.3637
2010-09-17,16.0751
2010-09-20,24.5794
2010-09-21,31.6494
2010-09-22,31.4132
2010-09-23,31.2243
2010-09-24,32.6848
2010-09-27,37.1013
2010-09-28,40.987
2010-09-29,40.6104
2010-09-30,35.2989
2010-10-01,34.5679
2010-10-04,42.5966
2010-10-05,50.3871
2010-10-06,56.6195
2010-10-07,61.7708
2010-10-08,66.114
2010-10-11,65.5828
2010-10-12,60.9276
2010-10-13,50.7967
2010-10-14,42.692
2010-10-15,37.8288
2010-10-18,30.5616
2010-10-19,31.3412
2010-10-20,31.9649
2010-10-21,35.2618
2010-10-22,28.9787
2010-10-25,23.3181
2010-10-26,24.1458
2010-10-27,28.4153
2010-10-28,35.2531
2010-10-29,40.7233
2010-11-01,46.8356
2010-11-02,53.2679
2010-11-03,52.2383
2010-11-04,55.9195
2010-11-05,59.5793
2010-11-08,59.0905
2010-11-09,56.2816
2010-11-10,51.7654
2010-11-11,47.6413
2010-11-12,40.5755
2010-11-15,34.1968
2010-11-16,37.8904
2010-11-17,41.2258
2010-11-18,37.3204
2010-11-19,30.6048
2010-11-22,26.533
2010-11-23,26.2625
2010-11-24,26.2481
2010-11-26,25.2361
2010-11-29,30.1569
2010-11-30,34.0935
2010-12-01,41.5755
2010-12-02,48.8591
2010-12-03,54.6859
2010-12-06,59.5012
2010-12-07,64.6139
2010-12-08,68.7231
2010-12-09,72.5022
2010-12-10,76.198
2010-12-13,79.5964
2010-12-14,80.7322
2010-12-15,74.4932
2010-12-16,65.2505
2010-12-17,61.5835
2010-12-20,64.5411
2010-12-21,66.9072
2010-12-22,69.0667
2010-12-23,70.88
2010-12-27,72.3306
2010-12-28,73.6432
2010-12-29,74.6933
2010-12-30,76.1249
2010-12-31,72.9087
2011-01-03,59.4536
2011-01-04,55.9374
2011-01-05,56.7639
2011-01-06,58.9161
2011-01-07,54.1816
2011-01-10,50.394
2011-01-11,51.8793
2011-01-12,54.4185
2011-01-13,55.0098
2011-01-14,59.3246
2011-01-18,63.0845
2011-01-19,53.4783
2011-01-20,44.9119
2011-01-21,42.1044
2011-01-24,40.3721
2011-01-25,37.2957
2011-01-26,34.8347
2011-01-27,35.7093
2011-01-28,39.4298
2011-01-31,43.0237
2011-02-01,46.1482
2011-02-02,45.1363
2011-02-03,45.8321
2011-02-04,42.6937
2011-02-07,42.1352
2011-02-08,45.629
2011-02-09,48.7175
2011-02-10,52.9883
2011-02-11,57.0199
2011-02-14,60.6688
2011-02-15,56.499
2011-02-16,53.727
2011-02-17,43.8818
2011-02-18,41.175
2011-02-22,44.6943
2011-02-23,50.2606
2011-02-24,54.7137
2011-02-25,58.2762
2011-02-28,57.6886
2011-03-01,58.2562
2011-03-02,60.4139
2011-03-03,49.1677
2011-03-04,42.3363
2011-03-07,36.8713
2011-03-08,39.5353
2011-03-09,41.6665
2011-03-10,34.3145
2011-03-11,29.3038
2011-03-14,29.4028
2011-03-15,33.4477
2011-03-16,38.4636
2011-03-17,42.4764
2011-03-18,35.5131
2011-03-21,33.0399
2011-03-22,32.1373
2011-03-23,32.3346
2011-03-24,36.046
2011-03-25,39.0479
2011-03-28,44.2937
2011-03-29,44.7912
2011-03-30,47.2965
2011-03-31,38.7682
2011-04-01,31.9456
2011-04-04,25.627
2011-04-05,21.4121
2011-04-06,26.5556
2011-04-07,30.6705
2011-04-08,35.0602
2011-04-11,41.7202
2011-04-12,37.7909
2011-04-13,36.4517
2011-04-14,31.0293
2011-04-15,31.4744
2011-04-18,27.5526
2011-04-19,26.7088
2011-04-20,30.4105
2011-04-21,26.464
2011-04-25,21.6636
2011-04-26,19.9459
2011-04-27,18.0247
2011-04-28,22.1237
2011-04-29,28.0025
2011-05-02,34.9472
2011-05-03,41.3171
2011-05-04,43.4491
2011-05-05,42.6746
2011-05-06,45.02
2011-05-09,46.8962
2011-05-10,48.6634
2011-05-11,45.2717
2011-05-12,38.6735
2011-05-13,31.4547
2011-05-16,32.5068
2011-05-17,34.8508
2011-05-18,38.8388
2011-05-19,45.6077
2011-05-20,50.0234
2011-05-23,43.2869
2011-05-24,39.0692
2011-05-25,34.9979
2011-05-26,28.9457
2011-05-27,25.9023
2011-05-31,27.6868
2011-06-01,27.0042
2011-06-02,28.7474
2011-06-03,32.401
2011-06-06,37.7974
2011-06-07,41.37
2011-06-08,46.929
2011-06-09,51.4381
2011-06-10,56.6716
2011-06-13,60.4538
2011-06-14,50.4373
2011-06-15,49.1748
2011-06-16,42.2684
2011-06-17,34.665
2011-06-20,31.5771
2011-06-21,31.3617
2011-06-22,33.8438
2011-06-23,28.9158
2011-06-24,23.2511
2011-06-27,22.3168
2011-06-28,23.3026
2011-06-29,29.9042
2011-06-30,37.5498
2011-07-01,45.1176
2011-07-05,51.4259
2011-07-06,50.4992
2011-07-07,53.231
2011-07-08,53.0375
2011-07-11,47.26
2011-07-12,45.7343
2011-07-13,38.8363
2011-07-14,33.884
2011-07-15,31.9978
2011-07-18,33.5953
2011-07-19,28.3185
2011-07-20,24.7331
2011-07-21,26.1121
2011-07-22,27.2153
2011-07-25,22.8124
2011-07-26,21.9306
2011-07-27,26.3486
2011-07-28,29.5806
2011-07-29,36.4345
2011-08-01,42.7722
2011-08-02,49.8004
2011-08-03,56.8504
2011-08-04,63.2235
2011-08-05,68.5521
2011-08-08,74.0691
2011-08-09,78.588
2011-08-10,82.203
2011-08-11,78.2715
2011-08-12,67.9887
2011-08-15,59.7624
2011-08-16,55.3612
2011-08-17,51.4276
2011-08-18,53.5017
2011-08-19,48.7562
2011-08-22,42.4295
2011-08-23,36.9855
2011-08-24,39.2613
2011-08-25,43.3598
2011-08-26,45.3444
2011-08-29,48.3386
2011-08-30,44.6994
2011-08-31,45.1242
2011-09-01,45.4984
2011-09-02,36.6023
2011-09-06,34.4356
2011-09-07,31.6011
2011-09-08,31.2799
2011-09-09,28.1818
2011-09-12,28.8177
2011-09-13,26.825
2011-09-14,24.4007
2011-09-15,22.9983
2011-09-16,23.6581
2011-09-19,20.6963
2011-09-20,17.6714
2011-09-21,16.2113
2011-09-22,22.7929
2011-09-23,28.6347
2011-09-26,26.7757
2011-09-27,22.7438
2011-09-28,18.4225
2011-09-29,19.6336
2011-09-30,22.7086
2011-10-03,29.1135
2011-10-04,37.5897
2011-10-05,43.9373
2011-10-06,42.5286
2011-10-07,38.9482
2011-10-10,32.2522
2011-10-11,28.2026
2011-10-12,30.9405
2011-10-13,32.5185
2011-10-14,27.1525
2011-10-17,22.8597
2011-10-18,24.3873
2011-10-19,25.6095
2011-10-20,24.2728
2011-10-21,26.0696
2011-10-24,31.6201
2011-10-25,36.1794
2011-10-26,40.9813
2011-10-27,47.2657
2011-10-28,52.2932
2011-10-31,49.193
2011-11-01,41.4612
2011-11-02,34.5794
2011-11-03,32.907
2011-11-04,31.5691
2011-11-07,28.6899
2011-11-08,27.9626
2011-11-09,27.8863
2011-11-10,29.1663
2011-11-11,25.1421
2011-11-14,25.5567
2011-11-15,23.5162
2011-11-16,26.8944
2011-11-17,34.0952
2011-11-18,39.8559
2011-11-21,46.2357
2011-11-22,51.3396
2011-11-23,56.5374
2011-11-25,61.1314
2011-11-28,51.9576
2011-11-29,45.0018
2011-11-30,43.3528
2011-12-01,42.1136
2011-12-02,44.4978
2011-12-05,47.2764
2011-12-06,49.4993
2011-12-07,42.5057
2011-12-08,36.4957
2011-12-09,31.9802
2011-12-12,30.478
2011-12-13,32.4989
2011-12-14,34.9319
2011-12-15,39.5002
2011-12-16,43.1548
2011-12-19,49.2145
2011-12-20,40.6377
2011-12-21,34.5634
2011-12-22,29.704
2011-12-23,25.8164
2011-12-27,25.237
2011-12-28,25.1801
2011-12-29,25.1345
2011-12-30,22.9074
2012-01-03,27.7689
2012-01-04,23.3803
2012-01-05,25.3673
2012-01-06,26.9568
2012-01-09,28.2284
2012-01-10,32.1294
2012-01-11,33.8035
2012-01-12,38.9291
2012-01-13,40.5381
2012-01-17,45.3168
2012-01-18,50.8867
2012-01-19,55.4365
2012-01-20,48.4333
2012-01-23,39.2305
2012-01-24,33.478
2012-01-25,31.1835
2012-01-26,30.4158
2012-01-27,29.2102
2012-01-30,26.1752
2012-01-31,24.2447
2012-02-01,26.9536
2012-02-02,31.2936
2012-02-03,37.9517
2012-02-06,38.7921
2012-02-07,41.4018
2012-02-08,42.1265
2012-02-09,44.9759
2012-02-10,43.1341
2012-02-13,42.3609
2012-02-14,36.587
2012-02-15,34.4216
2012-02-16,37.1725
2012-02-17,40.9038
2012-02-21,41.0844
2012-02-22,42.0407
2012-02-23,37.5845
2012-02-24,38.1318
2012-02-27,44.092
2012-02-28,48.8602
2012-02-29,43.9785
2012-03-01,40.4544
2012-03-02,35.7882
2012-03-05,32.7495
2012-03-06,36.2495
2012-03-07,39.0496
2012-03-08,31.4091
2012-03-09,29.1033
2012-03-12,23.4402
2012-03-13,26.872
2012-03-14,35.5817
2012-03-15,43.3138
2012-03-16,50.3888
2012-03-19,56.2196
2012-03-20,60.8842
2012-03-21,65.1048
2012-03-22,60.8733
2012-03-23,57.488
2012-03-26,59.9833
2012-03-27,62.9994
2012-03-28,65.6017
2012-03-29,53.4778
2012-03-30,43.7787
2012-04-02,35.345
2012-04-03,30.608
2012-04-04,28.5981
2012-04-05,25.3399
2012-04-09,26.815
2012-04-10,32.5239
2012-04-11,37.0909
2012-04-12,31.4347
2012-04-13,27.1144
2012-04-16,21.9532
2012-04-17,21.9814
2012-04-18,25.0933
2012-04-19,23.6966
2012-04-20,22.5793
2012-04-23,27.1865
2012-04-24,25.5161
2012-04-25,27.0919
2012-04-26,31.5813
2012-04-27,38.6083
2012-04-30,43.3356
2012-05-01,49.118
2012-05-02,54.2314
2012-05-03,58.3222
2012-05-04,56.1002
2012-05-07,52.2643
2012-05-08,43.6059
2012-05-09,38.752
2012-05-10,34.8689
2012-05-11,34.5067
2012-05-14,38.6647
2012-05-15,44.5541
2012-05-16,50.5688
2012-05-17,57.9523
2012-05-18,64.2913
2012-05-21,61.5954
2012-05-22,53.0069
2012-05-23,51.2549
2012-05-24,47.6555
2012-05-25,45.1329
2012-05-29,38.8572
2012-05-30,37.9149
2012-05-31,38.5346
2012-06-01,44.6914
2012-06-04,49.6167
2012-06-05,53.5571
2012-06-06,43.3446
2012-06-07,39.8381
2012-06-08,34.8677
2012-06-11,34.8029
2012-06-12,34.2449
2012-06-13,32.2223
2012-06-14,26.1553
2012-06-15,28.6688
2012-06-18,30.6796
2012-06-19,36.2402
2012-06-20,42.7619
2012-06-21,40.1202
2012-06-22,38.0068
2012-06-25,30.9532
2012-06-26,26.9005
2012-06-27,25.1456
2012-06-28,22.1493
2012-06-29,24.9169
2012-07-02,30.2797
2012-07-03,35.6009
2012-07-05,40.6628
2012-07-06,40.589
2012-07-09,36.3653
2012-07-10,38.6444
2012-07-11,34.1407
2012-07-12,30.2288
2012-07-13,24.6401
2012-07-16,25.5882
2012-07-17,27.5777
2012-07-18,29.1694
2012-07-19,32.1227
2012-07-20,34.4853
2012-07-23,39.6587
2012-07-24,43.7975
2012-07-25,43.4266
2012-07-26,37.3657
2012-07-27,36.2916
2012-07-30,36.5157
2012-07-31,29.7764
2012-08-01,25.9537
2012-08-02,27.018
2012-08-03,22.3401
2012-08-06,19.6625
2012-08-07,18.5211
2012-08-08,19.2155
2012-08-09,19.3267
2012-08-10,23.6277
2012-08-13,27.1981
2012-08-14,24.4652
2012-08-15,21.0978
2012-08-16,20.895
2012-08-17,21.7021
2012-08-20,17.621
2012-08-21,16.1365
2012-08-22,15.8517
2012-08-23,15.8909
2012-08-24,19.6369
2012-08-27,24.6036
2012-08-28,24.2981
2012-08-29,24.0537
2012-08-30,23.2581
2012-08-31,25.0152
2012-09-04,28.9603
2012-09-05,24.3048
2012-09-06,20.5805
2012-09-07,19.1851
2012-09-10,15.669
2012-09-11,19.3404
2012-09-12,18.2219
2012-09-13,23.153
2012-09-14,27.1444
2012-09-17,30.743
2012-09-18,27.335
2012-09-19,24.6086
2012-09-20,22.9778
2012-09-21,23.5209
2012-09-24,27.7719
2012-09-25,24.3757
2012-09-26,29.0649
2012-09-27,32.868
2012-09-28,30.1396
2012-10-01,30.3835
2012-10-02,28.2147
2012-10-03,25.2066
2012-10-04,29.777
2012-10-05,33.7079
2012-10-08,37.6714
2012-10-09,36.9425
2012-10-10,31.1436
2012-10-11,26.5045
2012-10-12,27.7048
2012-10-15,29.8367
2012-10-16,26.2823
2012-10-17,28.6288
2012-10-18,26.6119
2012-10-19,29.2057
2012-10-22,32.4547
2012-10-23,37.9426
2012-10-24,43.1132
2012-10-25,47.6366
2012-10-26,45.3719
2012-10-31,43.5601
2012-11-01,38.811
2012-11-02,37.1098
2012-11-05,31.155
2012-11-06,30.2632
2012-11-07,27.094
2012-11-08,24.5586
2012-11-09,21.7821
2012-11-12,21.1416
2012-11-13,24.9477
2012-11-14,32.7629
2012-11-15,40.1171
2012-11-16,38.9236
2012-11-19,31.8979
2012-11-20,28.8879
2012-11-21,28.2722
2012-11-23,29.9581
2012-11-26,24.9889
2012-11-27,26.177
2012-11-28,28.0639
2012-11-29,23.406
2012-11-30,19.6797
2012-12-03,18.7812
2012-12-04,16.6034
2012-12-05,16.101
2012-12-06,15.6991
2012-12-07,18.3595
2012-12-10,23.019
2012-12-11,30.4232
2012-12-12,38.8933
2012-12-13,45.6694
2012-12-14,37.4957
2012-12-17,30.9567
2012-12-18,32.4035
2012-12-19,26.7086
2012-12-20,22.1527
2012-12-21,22.3729
2012-12-24,20.9137
2012-12-26,23.0603
2012-12-27,30.6691
2012-12-28,36.7562
2012-12-31,35.0422
2013-01-02,34.0141
2013-01-03,34.6967
2013-01-04,37.09
2013-01-07,40.4138
2013-01-08,44.385
2013-01-09,49.4487
2013-01-10,52.4477
2013-01-11,57.851
2013-01-14,62.1736
2013-01-15,55.7412
2013-01-16,50.6659
2013-01-17,49.1216
2013-01-18,45.5787
2013-01-22,42.7443
2013-01-23,41.742
2013-01-24,37.9719
2013-01-25,32.3947
2013-01-28,32.4547
2013-01-29,32.1666
2013-01-30,30.0139
2013-01-31,32.111
2013-02-01,27.9846
2013-02-04,25.9562
2013-02-05,29.8446
2013-02-06,32.9552
2013-02-07,41.1698
2013-02-08,47.7415
2013-02-11,50.8908
2013-02-12,55.1853
2013-02-13,59.2129
2013-02-14,61.0873
2013-02-15,54.4072
2013-02-19,49.063
2013-02-20,45.6874
2013-02-21,41.9514
2013-02-22,35.979
2013-02-25,35.0325
2013-02-26,28.4477
2013-02-27,27.28
2013-02-28,26.8136
2013-03-01,21.921
2013-03-04,22.665
2013-03-05,30.5126
2013-03-06,38.1811
2013-03-07,41.4673
2013-03-08,38.1924
2013-03-11,40.1261
2013-03-12,42.4016
2013-03-13,44.222
2013-03-14,46.5304
2013-03-15,51.3177
2013-03-18,46.2271
2013-03-19,42.2378
2013-03-20,39.0464
2013-03-21,32.8079
2013-03-22,32.4596
2013-03-25,35.885
2013-03-26,41.3794
2013-03-27,45.88
2013-03-28,50.6688
2013-04-01,55.7162
2013-04-02,59.7986
2013-04-03,52.0057
2013-04-04,45.7714
2013-04-05,49.5538
2013-04-08,52.5797
2013-04-09,55.0004
2013-04-10,56.937
2013-04-11,50.7899
2013-04-12,46.118
2013-04-15,50.0941
2013-04-16,53.2751
2013-04-17,58.4735
2013-04-18,48.0751
2013-04-19,46.1174
2013-04-22,44.5512
2013-04-23,44.5537
2013-04-24,44.9314
2013-04-25,49.849
2013-04-26,52.9121
2013-04-29,55.3626
2013-04-30,58.2868
2013-05-01,61.7502
2013-05-02,65.8827
2013-05-03,70.8702
2013-05-06,74.8603
2013-05-07,78.0524
2013-05-08,73.5724
2013-05-09,70.4339
2013-05-10,66.7562
2013-05-13,57.452
2013-05-14,58.5839
2013-05-15,62.492
2013-05-16,65.6186
2013-05-17,68.8221
2013-05-20,72.6748
2013-05-21,76.3724
2013-05-22,79.9531
2013-05-23,76.6044
2013-05-24,74.639
2013-05-28,75.5482
2013-05-29,72.1003
2013-05-30,69.8973
2013-05-31,69.2362
2013-06-03,67.7743
2013-06-04,68.1402
2013-06-05,55.9311
2013-06-06,46.1638
2013-06-07,46.6982
2013-06-10,48.45
2013-06-11,41.1454
2013-06-12,38.3361
2013-06-13,38.6501
2013-06-14,41.4117
2013-06-17,43.6211
2013-06-18,36.9476
2013-06-19,31.6088
2013-06-20,33.1232
2013-06-21,35.7195
2013-06-24,39.7629
2013-06-25,36.4118
2013-06-26,29.7072
2013-06-27,29.089
2013-06-28,28.2155
2013-07-01,31.9758
2013-07-02,27.0139
2013-07-03,22.4218
2013-07-05,24.3672
2013-07-08,29.7609
2013-07-09,34.3956
2013-07-10,30.3774
2013-07-11,27.3973
2013-07-12,28.7464
2013-07-15,30.5695
2013-07-16,32.0281
2013-07-17,34.7442
2013-07-18,38.6058
2013-07-19,42.5273
2013-07-22,41.923
2013-07-23,41.4396
2013-07-24,33.7291
2013-07-25,27.5607
2013-07-26,26.9421
2013-07-29,26.97
2013-07-30,24.7381
2013-07-31,30.6276
2013-08-01,32.5218
2013-08-02,34.0372
2013-08-05,30.8886
2013-08-06,27.5108
2013-08-07,30.299
2013-08-08,30.1355
2013-08-09,25.8976
2013-08-12,21.4576
2013-08-13,23.5691
2013-08-14,25.2584
2013-08-15,23.9639
2013-08-16,22.9283
2013-08-19,24.6499
2013-08-20,29.0254
2013-08-21,35.0006
2013-08-22,39.7807
2013-08-23,44.8438
2013-08-26,40.7389
2013-08-27,45.3619
2013-08-28,49.6464
2013-08-29,49.3378
2013-08-30,49.6321
2013-09-03,41.8917
2013-09-04,36.3379
2013-09-05,36.6911
2013-09-06,31.7595
2013-09-09,27.8142
2013-09-10,30.613
2013-09-11,35.389
2013-09-12,40.6614
2013-09-13,45.3903
2013-09-16,51.2331
2013-09-17,57.0863
2013-09-18,62.9076
2013-09-19,67.6722
2013-09-20,71.4838
2013-09-23,59.2844
2013-09-24,47.7926
2013-09-25,41.2063
2013-09-26,34.8064
2013-09-27,29.7698
2013-09-30,31.656
2013-10-01,31.0348
2013-10-02,36.7322
2013-10-03,43.4691
2013-10-04,48.4022
2013-10-07,53.9608
2013-10-08,59.6234
2013-10-09,64.2255
2013-10-10,53.0712
2013-10-11,47.7686
2013-10-14,46.0969
2013-10-15,45.6769
2013-10-16,46.79
2013-10-17,53.5463
2013-10-18,59.1633
2013-10-21,63.9147
2013-10-22,67.8814
2013-10-23,66.5032
2013-10-24,65.8861
2013-10-25,68.4591
2013-10-28,71.0636
2013-10-29,73.7774
2013-10-30,74.3216
2013-10-31,63.4672
2013-11-01,54.7836
2013-11-04,47.4121
2013-11-05,40.6493
2013-11-06,34.1669
2013-11-07,32.7348
2013-11-08,31.5892
2013-11-11,30.6727
2013-11-12,34.19
2013-11-13,38.8334
2013-11-14,35.8528
2013-11-15,35.0082
2013-11-18,32.2144
2013-11-19,29.9794
2013-11-20,32.0493
2013-11-21,36.6527
2013-11-22,40.3354
2013-11-25,46.4791
2013-11-26,53.1759
2013-11-27,58.6506
2013-11-29,63.9302
2013-12-02,62.2664
2013-12-03,49.9514
2013-12-04,43.2099
2013-12-05,37.8167
2013-12-06,36.2227
2013-12-09,36.667
2013-12-10,33.7629
2013-12-11,32.5782
2013-12-12,34.4339
2013-12-13,35.9184
2013-12-16,30.216
2013-12-17,25.6541
2013-12-18,29.7945
2013-12-19,34.534
2013-12-20,41.4548
2013-12-23,48.3004
2013-12-24,54.0217
2013-12-26,59.3451
2013-12-27,64.0044
2013-12-30,67.9
2013-12-31,72.3091
2014-01-02,76.0538
2014-01-03,69.1531
2014-01-06,64.4318
2014-01-07,62.664
2014-01-08,56.517
2014-01-09,45.2316
2014-01-10,36.2032
2014-01-13,37.7425
2014-01-14,41.9767
2014-01-15,35.5605
2014-01-16,30.4276
2014-01-17,37.8793
2014-01-21,39.4849
2014-01-22,40.7694
2014-01-23,32.9848
2014-01-24,31.7657
2014-01-27,32.8706
2014-01-28,34.0076
2014-01-29,35.3699
2014-01-30,35.8512
2014-01-31,39.7382
2014-02-03,46.3672
2014-02-04,51.8383
2014-02-05,56.2152
2014-02-06,47.091
2014-02-07,41.7661
2014-02-10,42.4099
2014-02-11,42.9249
2014-02-12,43.9255
2014-02-13,41.458
2014-02-14,40.758
2014-02-18,40.198
2014-02-19,44.364
2014-02-20,41.2937
2014-02-21,39.7787
2014-02-24,42.8028
2014-02-25,45.222
2014-02-26,48.379
2014-02-27,50.9046
2014-02-28,57.058
2014-03-03,52.3367
2014-03-04,54.1818
2014-03-05,55.6579
2014-03-06,58.7811
2014-03-07,62.2906
2014-03-10,62.848
2014-03-11,62.0277
2014-03-12,50.8952
2014-03-13,46.937
2014-03-14,46.3253
2014-03-17,42.0073
2014-03-18,36.7422
2014-03-19,36.6312
2014-03-20,36.7665
2014-03-21,34.151
2014-03-24,28.6928
2014-03-25,23.4436
2014-03-26,24.2398
2014-03-27,26.3763
2014-03-28,21.9
2014-03-31,20.3953
2014-04-01,19.1915
2014-04-02,17.4427
2014-04-03,17.0413
2014-04-04,21.1033
2014-04-07,30.8674
2014-04-08,39.8825
2014-04-09,35.4417
2014-04-10,35.5795
2014-04-11,38.4362
2014-04-14,36.0718
2014-04-15,32.2072
2014-04-16,26.0995
2014-04-17,25.9594
2014-04-21,25.8473
2014-04-22,21.9979
2014-04-23,17.6348
2014-04-24,16.3441
2014-04-25,13.238
2014-04-28,15.9835
2014-04-29,14.7083
2014-04-30,15.4242
2014-05-01,20.0407
2014-05-02,23.7339
2014-05-05,30.2339
2014-05-06,35.4338
2014-05-07,28.5587
2014-05-08,30.8071
2014-05-09,32.6059
2014-05-12,37.965
2014-05-13,38.8074
2014-05-14,32.0719
2014-05-15,31.9636
2014-05-16,32.8475
2014-05-19,29.1216
2014-05-20,27.8467
2014-05-21,25.7754
2014-05-22,21.0764
2014-05-23,21.1766
2014-05-27,30.9529
2014-05-28,38.774
2014-05-29,43.817
2014-05-30,48.8954
2014-06-02,54.0058
2014-06-03,55.5357
2014-06-04,56.9731
2014-06-05,61.6792
2014-06-06,67.1619
2014-06-09,72.0504
2014-06-10,75.9612
2014-06-11,78.5119
2014-06-12,76.1524
2014-06-13,74.2649
2014-06-16,64.0867
2014-06-17,59.2099
2014-06-18,57.5702
2014-06-19,56.8662
2014-06-20,58.0795
2014-06-23,54.3018
2014-06-24,43.6412
2014-06-25,35.7602
2014-06-26,36.182
2014-06-27,34.6487
2014-06-30,28.7255
2014-07-01,30.6875
2014-07-02,29.1405
2014-07-03,29.3324
2014-07-07,27.7275
2014-07-08,31.6765
2014-07-09,28.9952
2014-07-10,32.7892
2014-07-11,35.8244
2014-07-14,29.0484
2014-07-15,26.4608
2014-07-16,24.3907
2014-07-17,29.7235
2014-07-18,33.9897
2014-07-21,39.9113
2014-07-22,37.2217
2014-07-23,37.2279
2014-07-24,36.8605
2014-07-25,41.9671
2014-07-28,47.6964
2014-07-29,49.7417
2014-07-30,54.7942
2014-07-31,60.908
2014-08-01,66.857
2014-08-04,71.6163
2014-08-05,75.655
2014-08-06,78.8859
2014-08-07,77.2828
2014-08-08,71.745
2014-08-11,60.8907
2014-08-12,53.6954
2014-08-13,45.8198
2014-08-14,38.98
2014-08-15,35.546
2014-08-18,32.7988
2014-08-19,29.2065
2014-08-20,28.8562
2014-08-21,32.2401
2014-08-22,35.8108
2014-08-25,41.4264
2014-08-26,42.4909
2014-08-27,41.971
2014-08-28,36.0197
2014-08-29,34.666
2014-09-02,36.6948
2014-09-03,40.3829
2014-09-04,34.8423
2014-09-05,29.6396
2014-09-08,28.9902
2014-09-09,33.5307
2014-09-10,37.1631
2014-09-11,40.7868
2014-09-12,45.8246
2014-09-15,51.101
2014-09-16,48.5936
2014-09-17,41.5548
2014-09-18,42.1513
2014-09-19,43.0478
2014-09-22,37.4772
2014-09-23,32.8433
2014-09-24,31.6698
2014-09-25,36.0135
2014-09-26,39.4885
2014-09-29,42.2685
2014-09-30,39.6433
2014-10-01,45.3665
2014-10-02,50.8618
2014-10-03,46.8206
2014-10-06,38.3463
2014-10-07,38.2806
2014-10-08,31.644
2014-10-09,27.0227
2014-10-10,24.4435
2014-10-13,29.732
2014-10-14,34.1788
2014-10-15,42.8262
2014-10-16,49.7441
2014-10-17,41.7546
2014-10-20,35.363
2014-10-21,31.4581
2014-10-22,26.3162
2014-10-23,22.2027
2014-10-24,21.4384
2014-10-27,22.2082
2014-10-28,27.2174
2014-10-29,33.5698
2014-10-30,39.6704
2014-10-31,46.3911
2014-11-03,52.569
2014-11-04,57.7986
2014-11-05,63.1236
2014-11-06,60.8922
2014-11-07,59.9389
2014-11-10,59.1762
2014-11-11,53.9407
2014-11-12,45.308
2014-11-13,36.6533
2014-11-14,34.3584
2014-11-17,36.7647
2014-11-18,31.2752
2014-11-19,26.9689
2014-11-20,25.4228
2014-11-21,24.5058
2014-11-24,22.6411
2014-11-25,24.7192
2014-11-26,27.4129
2014-11-28,34.3078
2014-12-01,40.1564
2014-12-02,46.3042
2014-12-03,38.7127
2014-12-04,32.6394
2014-12-05,32.3636
2014-12-08,36.513
2014-12-09,35.5629
2014-12-10,36.2687
2014-12-11,40.4999
2014-12-12,35.0351
2014-12-15,36.4457
2014-12-16,39.6878
2014-12-17,42.2816
2014-12-18,36.7128
2014-12-19,34.4337
2014-12-22,32.6104
2014-12-23,33.3868
2014-12-24,35.7015
2014-12-26,37.5892
2014-12-29,36.9134
2014-12-30,36.3727
2014-12-31,32.3844
2015-01-02,33.9161
2015-01-05,40.2705
2015-01-06,48.1778
2015-01-07,53.6686
2015-01-08,51.9386
2015-01-09,52.4404
2015-01-12,55.0878
2015-01-13,58.2164
2015-01-14,62.9537
2015-01-15,67.725
2015-01-16,71.542
2015-01-20,64.3794
2015-01-21,58.6494
2015-01-22,60.2428
2015-01-23,61.5175
2015-01-26,63.617
2015-01-27,66.4168
2015-01-28,69.0226
2015-01-29,71.6493
2015-01-30,74.2945
2015-02-02,75.8329
2015-02-03,63.5029
2015-02-04,51.9987
2015-02-05,45.1964
2015-02-06,44.1839
2015-02-09,39.7719
2015-02-10,39.3053
2015-02-11,39.7874
2015-02-12,42.7642
2015-02-13,47.5667
2015-02-17,51.9452
2015-02-18,50.7777
2015-02-19,51.7168
2015-02-20,52.4681
2015-02-23,49.2398
2015-02-24,40.1574
2015-02-25,33.8196
2015-02-26,33.2746
2015-02-27,28.0156
2015-03-02,23.8084
2015-03-03,21.41
2015-03-04,21.2838
2015-03-05,21.1828
2015-03-06,24.4795
2015-03-09,27.7165
2015-03-10,34.7113
2015-03-11,40.3072
2015-03-12,37.5117
2015-03-13,34.6756
2015-03-16,32.4259
2015-03-17,28.5336
2015-03-18,31.8681
2015-03-19,34.5357
2015-03-20,40.6631
2015-03-23,46.7199
2015-03-24,41.7698
2015-03-25,36.9057
2015-03-26,39.8061
2015-03-27,42.5176
2015-03-30,43.7463
2015-03-31,45.9298
2015-04-01,40.4678
2015-04-02,32.7217
2015-04-06,28.1781
2015-04-07,24.2915
2015-04-08,21.1823
2015-04-09,18.6949
2015-04-10,19.9906
2015-04-13,21.2072
2015-04-14,17.2415
2015-04-15,17.4791
2015-04-16,24.0647
2015-04-17,27.3591
2015-04-20,29.9946
2015-04-21,32.1031
2015-04-22,26.213
2015-04-23,21.501
2015-04-24,17.7313
2015-04-27,20.7779
2015-04-28,23.8938
2015-04-29,26.3865
2015-04-30,24.4963
2015-05-01,19.7446
2015-05-04,23.2685
2015-05-05,26.0876
2015-05-06,21.2819
2015-05-07,17.4374
2015-05-08,23.7834
2015-05-11,31.8037
2015-05-12,29.9368
2015-05-13,32.2151
2015-05-14,37.7708
2015-05-15,38.7138
2015-05-18,36.773
2015-05-19,40.4792
2015-05-20,43.4442
2015-05-21,40.5339
2015-05-22,40.9169
2015-05-26,33.131
2015-05-27,27.8356
2015-05-28,23.5993
2015-05-29,23.6166
2015-06-01,28.5732
2015-06-02,30.7466
2015-06-03,28.7039
2015-06-04,26.8341
2015-06-05,25.3383
2015-06-08,27.281
2015-06-09,28.8351
2015-06-10,27.8766
2015-06-11,28.9663
2015-06-12,25.2237
2015-06-15,24.3384
2015-06-16,19.6315
2015-06-17,22.914
2015-06-18,25.7509
2015-06-19,27.7408
2015-06-22,34.6038
2015-06-23,40.7761
2015-06-24,38.1925
2015-06-25,32.8479
2015-06-26,28.9252
2015-06-29,35.0583
2015-06-30,40.1902
2015-07-01,39.0793
2015-07-02,35.9841
2015-07-06,37.8036
2015-07-07,42.3357
2015-07-08,47.5351
2015-07-09,48.7952
2015-07-10,49.2824
2015-07-13,40.4345
2015-07-14,36.7822
2015-07-15,35.1926
2015-07-16,33.9209
2015-07-17,33.6419
2015-07-20,36.3192
2015-07-21,29.66
2015-07-22,24.3326
2015-07-23,32.5403
2015-07-24,39.9907
2015-07-27,47.9362
2015-07-28,54.2926
2015-07-29,54.3215
2015-07-30,52.0586
2015-07-31,45.2319
2015-08-03,43.2299
2015-08-04,41.6283
2015-08-05,36.0641
2015-08-06,37.6892
2015-08-07,41.1901
2015-08-10,45.652
2015-08-11,49.579
2015-08-12,49.5544
2015-08-13,49.5348
2015-08-14,50.6002
2015-08-17,49.6134
2015-08-18,49.8934
2015-08-19,46.3288
2015-08-20,43.1876
2015-08-21,45.8803
2015-08-24,53.1908
2015-08-25,56.7904
2015-08-26,59.6702
2015-08-27,54.8599
2015-08-28,51.0117
2015-08-31,45.1546
2015-09-01,46.7742
2015-09-02,48.0698
2015-09-03,42.4736
2015-09-04,42.4388
2015-09-08,36.1153
2015-09-09,30.0691
2015-09-10,25.2321
2015-09-11,20.1912
2015-09-14,16.1942
2015-09-15,20.0937
2015-09-16,25.9651
2015-09-17,33.0743
2015-09-18,30.3557
2015-09-21,30.4151
2015-09-22,26.1679
2015-09-23,21.6305
2015-09-24,23.8941
2015-09-25,21.4443
2015-09-28,25.0395
2015-09-29,29.5832
2015-09-30,28.3626
2015-10-01,24.6649
2015-10-02,25.178
2015-10-05,27.7975
2015-10-06,29.893
2015-10-07,32.4804
2015-10-08,30.4078
2015-10-09,31.1044
2015-10-12,31.6617
2015-10-13,28.3658
2015-10-14,24.6805
2015-10-15,21.1243
2015-10-16,20.6239
2015-10-19,20.2236
2015-10-20,19.1668
2015-10-21,22.7974
2015-10-22,32.197
2015-10-23,31.7858
2015-10-26,31.4568
2015-10-27,31.1936
2015-10-28,29.2661
2015-10-29,24.0388
2015-10-30,24.955
2015-11-02,25.6879
2015-11-03,24.2829
2015-11-04,20.8941
2015-11-05,18.4407
2015-11-06,17.178
2015-11-09,18.2461
2015-11-10,19.9371
2015-11-11,23.4889
2015-11-12,30.5754
2015-11-13,38.2766
2015-11-16,46.1421
2015-11-17,47.9837
2015-11-18,47.7188
2015-11-19,39.8274
2015-11-20,34.0651
2015-11-23,29.4552
2015-11-24,30.4464
2015-11-25,31.2394
2015-11-27,29.285
2015-11-30,26.6466
2015-12-01,23.1288
2015-12-02,22.6043
2015-12-03,28.2403
2015-12-04,32.749
2015-12-07,37.418
2015-12-08,44.4816
2015-12-09,41.0231
2015-12-10,38.2562
2015-12-11,42.1201
2015-12-14,47.2384
2015-12-15,39.6308
2015-12-16,32.1063
2015-12-17,28.0422
2015-12-18,32.6186
2015-12-21,36.2796
2015-12-22,35.6034
2015-12-23,28.8905
2015-12-24,26.7677
2015-12-28,21.9588
2015-12-29,21.628
2015-12-30,22.2722
2015-12-31,18.419
2016-01-04,26.6508
2016-01-05,35.0565
2016-01-06,43.4589
2016-01-07,51.1578
2016-01-08,56.0477
2016-01-11,60.5231
2016-01-12,57.8619
2016-01-13,58.9284
2016-01-14,59.7816
2016-01-15,62.1644
2016-01-19,57.3003
2016-01-20,56.3969
2016-01-21,49.628
2016-01-22,55.4634
2016-01-25,60.1318
2016-01-26,63.8664
2016-01-27,67.2096
2016-01-28,71.0719
2016-01-29,74.1617
2016-02-01,68.6908
2016-02-02,64.314
2016-02-03,62.3652
2016-02-04,59.4188
2016-02-05,53.7332
2016-02-08,54.2417
2016-02-09,55.3907
2016-02-10,52.4798
2016-02-11,55.1573
2016-02-12,49.6449
2016-02-16,41.165
2016-02-17,34.0877
2016-02-18,30.1501
2016-02-19,30.1678
2016-02-22,32.5331
2016-02-23,34.4254
2016-02-24,29.9483
2016-02-25,24.915
2016-02-26,23.8488
2016-02-29,20.2529
2016-03-01,21.6189
2016-03-02,24.7149
2016-03-03,30.9015
2016-03-04,37.219
2016-03-07,44.1786
2016-03-08,50.6747
2016-03-09,53.3829
2016-03-10,49.6755
2016-03-11,49.007
2016-03-14,48.6276
2016-03-15,42.7781
2016-03-16,41.8765
2016-03-17,44.346
2016-03-18,49.437
2016-03-21,53.5098
2016-03-22,45.0607
2016-03-23,38.3824
2016-03-24,34.6469
2016-03-28,28.7474
2016-03-29,27.5143
2016-03-30,22.4244
2016-03-31,22.3671
2016-04-01,23.4722
2016-04-04,22.7728
2016-04-05,23.2545
2016-04-06,25.6684
2016-04-07,31.7309
2016-04-08,27.5054
2016-04-11,24.1251
2016-04-12,23.3519
2016-04-13,30.5125
2016-04-14,36.9061
2016-04-15,42.4797
2016-04-18,44.3294
2016-04-19,49.2009
2016-04-20,55.8161
2016-04-21,62.4837
2016-04-22,64.8716
2016-04-25,66.7819
2016-04-26,69.1685
2016-04-27,71.4178
2016-04-28,69.574
2016-04-29,60.0153
2016-05-02,53.9701
2016-05-03,44.8435
2016-05-04,40.8145
2016-05-05,37.8554
2016-05-06,37.812
2016-05-09,37.7773
2016-05-10,30.5167
2016-05-11,26.862
2016-05-12,23.503
2016-05-13,21.0081
2016-05-16,23.5116
2016-05-17,31.8056
2016-05-18,38.6637
2016-05-19,44.9787
2016-05-20,39.5673
2016-05-23,35.2381
2016-05-24,34.9942
2016-05-25,38.3162
2016-05-26,40.0824
2016-05-27,43.2726
2016-05-31,46.9054
2016-06-01,45.5123
2016-06-02,47.4488
2016-06-03,38.3832
2016-06-06,33.8459
2016-06-07,33.3642
2016-06-08,32.9788
2016-06-09,31.4344
2016-06-10,31.5393
2016-06-13,36.9192
2016-06-14,46.1618
2016-06-15,53.5558
2016-06-16,59.6534
2016-06-17,60.9411
2016-06-20,52.9398
2016-06-21,48.7954
2016-06-22,43.9958
2016-06-23,35.6394
2016-06-24,38.5914
2016-06-27,45.0223
2016-06-28,50.3625
2016-06-29,47.7017
2016-06-30,40.172
2016-07-01,33.4305
2016-07-05,31.5072
2016-07-06,32.0337
2016-07-07,29.0956
2016-07-08,25.6492
2016-07-11,25.9593
2016-07-12,28.8334
2016-07-13,31.1942
2016-07-14,35.1389
2016-07-15,38.6417
2016-07-18,41.4817
2016-07-19,43.9838
2016-07-20,48.5391
2016-07-21,43.6949
2016-07-22,39.8196
2016-07-25,37.458
2016-07-26,36.8675
2016-07-27,39.7059
2016-07-28,38.8007
2016-07-29,38.0766
2016-08-01,32.302
2016-08-02,34.1578
2016-08-03,35.6424
2016-08-04,36.8301
2016-08-05,40.0871
2016-08-08,44.6696
2016-08-09,42.6269
2016-08-10,34.8367
2016-08-11,29.9919
2016-08-12,26.116
2016-08-15,26.2152
2016-08-16,26.2945
2016-08-17,22.6526
2016-08-18,19.7391
2016-08-19,18.4098
2016-08-22,19.3872
2016-08-23,23.1018
2016-08-24,20.4323
2016-08-25,21.2924
2016-08-26,17.0997
2016-08-29,16.9778
2016-08-30,19.0548
2016-08-31,16.6274
2016-09-01,17.8062
2016-09-02,18.2844
2016-09-06,16.4897
2016-09-07,18.2547
2016-09-08,24.4399
2016-09-09,22.2896
2016-09-12,26.7312
2016-09-13,30.7679
2016-09-14,36.9266
2016-09-15,42.1451
2016-09-16,46.7336
2016-09-19,40.3077
2016-09-20,34.3619
2016-09-21,29.6052
2016-09-22,29.2346
2016-09-23,25.2301
2016-09-26,28.9792
2016-09-27,28.2563
2016-09-28,26.608
2016-09-29,30.7161
2016-09-30,34.0026
2016-10-03,37.2485
2016-10-04,33.5061
2016-10-05,27.9745
2016-10-06,35.4607
2016-10-07,42.1617
2016-10-10,44.4205
2016-10-11,50.0189
2016-10-12,54.4976
2016-10-13,59.9721
2016-10-14,56.9854
2016-10-17,55.831
2016-10-18,53.0395
2016-10-19,44.3738
2016-10-20,50.3362
2016-10-21,55.1062
2016-10-24,59.2244
2016-10-25,59.3531
2016-10-26,56.1565
2016-10-27,54.0471
2016-10-28,51.1633
2016-10-31,48.8563
2016-11-01,40.7944
2016-11-02,35.7154
2016-11-03,32.4078
2016-11-04,26.1496
2016-11-07,29.2967
2016-11-08,28.2296
2016-11-09,34.1729
2016-11-10,41.5358
2016-11-11,47.7161
2016-11-14,54.9024
2016-11-15,60.6515
2016-11-16,65.2508
2016-11-17,68.9302
2016-11-18,64.2487
2016-11-21,60.8725
2016-11-22,59.2963
2016-11-23,61.7783
2016-11-25,64.3901
2016-11-28,59.2495
2016-11-29,48.5965
2016-11-30,40.7146
2016-12-01,38.2443
2016-12-02,31.8132
2016-12-05,26.6683
2016-12-06,23.9028
2016-12-07,32.8505
2016-12-08,41.0277
2016-12-09,47.5695
2016-12-12,39.7326
2016-12-13,33.1112
2016-12-14,35.883
2016-12-15,38.1385
2016-12-16,39.9429
2016-12-19,35.5632
2016-12-20,34.8814
2016-12-21,34.8669
2016-12-22,31.6958
2016-12-23,29.1589
2016-12-27,27.1295
2016-12-28,28.263
2016-12-29,33.9539
2016-12-30,38.5066
2017-01-03,36.5998
2017-01-04,39.0438
2017-01-05,38.2293
2017-01-06,37.5777
2017-01-09,40.5129
2017-01-10,47.2535
2017-01-11,52.3809
2017-01-12,52.6782
2017-01-13,55.357
2017-01-17,57.7233
2017-01-18,59.6164
2017-01-19,61.8775
2017-01-20,52.3508
2017-01-23,44.7295
2017-01-24,42.7497
2017-01-25,43.0004
2017-01-26,43.201
2017-01-27,41.8605
2017-01-30,40.9693
2017-01-31,34.5567
2017-02-01,28.5462
2017-02-02,28.1312
2017-02-03,30.4033
2017-02-06,32.2209
2017-02-07,33.675
2017-02-08,28.5184
2017-02-09,28.4229
2017-02-10,30.7568
2017-02-13,35.5323
2017-02-14,40.6523
2017-02-15,47.0899
2017-02-16,52.2399
2017-02-17,56.9863
2017-02-21,62.4613
2017-02-22,61.6774
2017-02-23,63.1199
2017-02-24,55.7359
2017-02-27,52.8528
2017-02-28,51.707
2017-03-01,56.1743
2017-03-02,49.7216
2017-03-03,42.5129
2017-03-06,36.6967
2017-03-07,29.4431
2017-03-08,26.2649
2017-03-09,24.9995
2017-03-10,23.9872
2017-03-13,21.9076
2017-03-14,18.7702
2017-03-15,17.6687
2017-03-16,19.7683
2017-03-17,17.7547
2017-03-20,18.2935
2017-03-21,28.2652
2017-03-22,36.9706
2017-03-23,40.1539
2017-03-24,36.2189
2017-03-27,39.7426
2017-03-28,32.9481
2017-03-29,28.4354
2017-03-30,24.3948
2017-03-31,22.2561
2017-04-03,22.3942
2017-04-04,22.5047
2017-04-05,26.125
2017-04-06,31.7495
2017-04-07,36.2492
2017-04-10,39.9128
2017-04-11,46.214
2017-04-12,51.6395
2017-04-13,58.1839
2017-04-17,63.543
2017-04-18,68.0281
2017-04-19,71.6617
2017-04-20,69.9398
2017-04-21,68.9072
2017-04-24,68.909
2017-04-25,69.7531
2017-04-26,65.3666
2017-04-27,61.0901
2017-04-28,49.3807
2017-05-01,41.2315
2017-05-02,33.1376
2017-05-03,30.5354
2017-05-04,32.8351
2017-05-05,35.2888
2017-05-08,37.0857
2017-05-09,38.5232
2017-05-10,39.6732
2017-05-11,46.1518
2017-05-12,51.4497
2017-05-15,41.5699
2017-05-16,33.4107
2017-05-17,37.9141
2017-05-18,42.4419
2017-05-19,39.7378
2017-05-22,37.5745
2017-05-23,31.8577
2017-05-24,26.7366
2017-05-25,25.7765
2017-05-26,21.4113
2017-05-30,17.434
2017-05-31,23.5142
2017-06-01,22.0596
2017-06-02,23.0992
2017-06-05,26.5088
2017-06-06,25.5292
2017-06-07,30.6205
2017-06-08,35.1177
2017-06-09,40.621
2017-06-12,45.0237
2017-06-13,48.5904
2017-06-14,43.2489
2017-06-15,41.8311
2017-06-16,42.5646
2017-06-19,45.9802
2017-06-20,51.7818
2017-06-21,56.423
2017-06-22,60.136
2017-06-23,63.4074
2017-06-26,67.7628
2017-06-27,71.7112
2017-06-28,75.8268
2017-06-29,79.7663
2017-06-30,82.9179
2017-07-03,85.7878
2017-07-05,88.1169
2017-07-06,75.6578
2017-07-07,65.6906
2017-07-10,57.7168
2017-07-11,46.5057
2017-07-12,42.9722
2017-07-13,42.9921
2017-07-14,40.8067
2017-07-17,39.0585
2017-07-18,38.0819
2017-07-19,41.1129
2017-07-20,34.4682
2017-07-21,33.54
2017-07-24,32.6167
2017-07-25,28.4192
2017-07-26,25.0612
2017-07-27,30.7315
2017-07-28,35.2678
2017-07-31,32.9401
2017-08-01,26.6472
2017-08-02,26.3001
2017-08-03,21.9729
2017-08-04,19.7789
2017-08-07,16.6417
2017-08-08,17.7468
2017-08-09,16.7402
2017-08-10,17.2373
2017-08-11,21.2963
2017-08-14,17.3766
2017-08-15,21.3791
2017-08-16,27.3632
2017-08-17,24.8094
2017-08-18,21.838
2017-08-21,20.8074
2017-08-22,19.2377
2017-08-23,19.4651
2017-08-24,19.4052
2017-08-25,16.7555
2017-08-28,14.611
2017-08-29,19.5924
2017-08-30,20.3841
2017-08-31,17.7102
2017-09-01,17.9407
2017-09-05,21.5422
2017-09-06,24.4234
2017-09-07,30.9055
2017-09-08,36.3148
2017-09-11,29.3263
2017-09-12,27.0519
2017-09-13,26.3692
2017-09-14,23.2298
2017-09-15,22.4639
2017-09-18,27.6754
2017-09-19,36.0767
2017-09-20,43.1203
2017-09-21,45.5592
2017-09-22,47.5103
2017-09-25,44.6784
2017-09-26,43.5336
2017-09-27,47.8702
2017-09-28,53.01
2017-09-29,58.1527
2017-10-02,63.011
2017-10-03,67.6152
2017-10-04,71.2986
2017-10-05,71.1194
2017-10-06,70.976
2017-10-09,72.4431
2017-10-10,74.7136
2017-10-11,77.1945
2017-10-12,70.0556
2017-10-13,68.4429
2017-10-16,59.9561
2017-10-17,53.1666
2017-10-18,49.4504
2017-10-19,48.3547
2017-10-20,43.7532
2017-10-23,40.072
2017-10-24,35.4205
2017-10-25,33.9341
2017-10-26,39.177
2017-10-27,44.1404
2017-10-30,45.6703
2017-10-31,42.7824
2017-11-01,45.0888
2017-11-02,46.2705
2017-11-03,48.1239
2017-11-06,50.9812
2017-11-07,42.6868
2017-11-08,38.4638
2017-11-09,40.7702
2017-11-10,42.6153
2017-11-13,46.3571
2017-11-14,49.3506
2017-11-15,52.331
2017-11-16,49.9661
2017-11-17,50.6383
2017-11-20,42.2416
2017-11-21,35.6031
2017-11-22,33.1287
2017-11-24,31.2374
2017-11-27,30.8426
2017-11-28,32.1573
2017-11-29,39.5528
2017-11-30,47.1144
2017-12-01,45.549
2017-12-04,46.8445
2017-12-05,49.2052
2017-12-06,47.6738
2017-12-07,41.1978
2017-12-08,36.017
2017-12-11,32.1538
2017-12-12,33.119
2017-12-13,28.6477
2017-12-14,28.5691
2017-12-15,26.6874
2017-12-18,28.0235
2017-12-19,29.0924
2017-12-20,24.2932
2017-12-21,19.7208
2017-12-22,16.9494
2017-12-26,15.5423
2017-12-27,14.4082
2017-12-28,19.1059
2017-12-29,24.9748
