date,Aroon Up,Aroon Down
2010-01-04,0.0,50.0
2010-01-05,0.0,45.0
2010-01-06,100.0,40.0
2010-01-07,100.0,35.0
2010-01-08,95.0,30.0
2010-01-11,90.0,25.0
2010-01-12,85.0,20.0
2010-01-13,80.0,15.0
2010-01-14,75.0,10.0
2010-01-15,70.0,5.0
2010-01-19,65.0,0.0
2010-01-20,60.0,0.0
2010-01-21,55.0,30.0
2010-01-22,50.0,100.0
2010-01-25,45.0,95.0
2010-01-26,40.0,90.0
2010-01-27,35.0,100.0
2010-01-28,30.0,95.0
2010-01-29,25.0,90.0
2010-02-01,20.0,85.0
2010-02-02,15.0,80.0
2010-02-03,10.0,75.0
2010-02-04,5.0,70.0
2010-02-05,0.0,100.0
2010-02-08,5.0,95.0
2010-02-09,0.0,100.0
2010-02-10,10.0,95.0
2010-02-11,5.0,90.0
2010-02-12,0.0,85.0
2010-02-16,15.0,80.0
2010-02-17,10.0,75.0
2010-02-18,5.0,70.0
2010-02-19,0.0,65.0
2010-02-22,100.0,60.0
2010-02-23,95.0,55.0
2010-02-24,90.0,50.0
2010-02-25,100.0,45.0
2010-02-26,100.0,40.0
2010-03-01,100.0,35.0
2010-03-02,95.0,30.0
2010-03-03,90.0,25.0
2010-03-04,85.0,20.0
2010-03-05,80.0,15.0
2010-03-08,100.0,10.0
2010-03-09,100.0,5.0
2010-03-10,100.0,0.0
2010-03-11,95.0,10.0
2010-03-12,90.0,5.0
2010-03-15,85.0,0.0
2010-03-16,80.0,0.0
2010-03-17,75.0,0.0
2010-03-18,70.0,0.0
2010-03-19,65.0,0.0
2010-03-22,60.0,5.0
2010-03-23,55.0,0.0
2010-03-24,100.0,5.0
2010-03-25,100.0,0.0
2010-03-26,95.0,20.0
2010-03-29,90.0,15.0
2010-03-30,85.0,10.0
2010-03-31,80.0,5.0
2010-04-01,75.0,0.0
2010-04-05,70.0,0.0
2010-04-06,100.0,5.0
2010-04-07,100.0,0.0
2010-04-08,95.0,15.0
2010-04-09,90.0,10.0
2010-04-12,85.0,5.0
2010-04-13,80.0,0.0
2010-04-14,100.0,20.0
2010-04-15,100.0,15.0
2010-04-16,95.0,10.0
2010-04-19,90.0,5.0
2010-04-20,85.0,0.0
2010-04-21,80.0,0.0
2010-04-22,75.0,0.0
2010-04-23,70.0,20.0
2010-04-26,65.0,15.0
2010-04-27,60.0,100.0
2010-04-28,55.0,95.0
2010-04-29,50.0,90.0
2010-04-30,45.0,85.0
2010-05-03,40.0,80.0
2010-05-04,35.0,75.0
2010-05-05,30.0,100.0
2010-05-06,25.0,100.0
2010-05-07,20.0,95.0
2010-05-10,15.0,90.0
2010-05-11,10.0,85.0
2010-05-12,5.0,80.0
2010-05-13,0.0,75.0
2010-05-14,0.0,70.0
2010-05-17,10.0,65.0
2010-05-18,5.0,60.0
2010-05-19,0.0,55.0
2010-05-20,0.0,100.0
2010-05-21,0.0,100.0
2010-05-24,0.0,95.0
2010-05-25,10.0,100.0
2010-05-26,5.0,95.0
2010-05-27,0.0,90.0
2010-05-28,0.0,85.0
2010-06-01,0.0,80.0
2010-06-02,0.0,75.0
2010-06-03,0.0,70.0
2010-06-04,0.0,65.0
2010-06-07,10.0,100.0
2010-06-08,5.0,95.0
2010-06-09,0.0,90.0
2010-06-10,0.0,85.0
2010-06-11,0.0,80.0
2010-06-14,10.0,75.0
2010-06-15,5.0,70.0
2010-06-16,0.0,65.0
2010-06-17,0.0,60.0
2010-06-18,25.0,55.0
2010-06-21,20.0,50.0
2010-06-22,15.0,45.0
2010-06-23,10.0,40.0
2010-06-24,5.0,35.0
2010-06-25,0.0,30.0
2010-06-28,0.0,25.0
2010-06-29,70.0,100.0
2010-06-30,65.0,100.0
2010-07-01,60.0,100.0
2010-07-02,55.0,95.0
2010-07-06,50.0,90.0
2010-07-07,45.0,85.0
2010-07-08,40.0,80.0
2010-07-09,35.0,75.0
2010-07-12,30.0,70.0
2010-07-13,25.0,65.0
2010-07-14,20.0,60.0
2010-07-15,15.0,55.0
2010-07-16,10.0,50.0
2010-07-19,5.0,100.0
2010-07-20,0.0,100.0
2010-07-21,0.0,95.0
2010-07-22,70.0,90.0
2010-07-23,65.0,85.0
2010-07-26,60.0,80.0
2010-07-27,55.0,75.0
2010-07-28,50.0,70.0
2010-07-29,45.0,65.0
2010-07-30,40.0,60.0
2010-08-02,35.0,55.0
2010-08-03,30.0,50.0
2010-08-04,25.0,45.0
2010-08-05,20.0,40.0
2010-08-06,15.0,35.0
2010-08-09,10.0,30.0
2010-08-10,5.0,25.0
2010-08-11,0.0,100.0
2010-08-12,0.0,100.0
2010-08-13,0.0,95.0
2010-08-16,30.0,90.0
2010-08-17,25.0,85.0
2010-08-18,20.0,80.0
2010-08-19,15.0,100.0
2010-08-20,10.0,100.0
2010-08-23,5.0,95.0
2010-08-24,0.0,100.0
2010-08-25,15.0,100.0
2010-08-26,10.0,95.0
2010-08-27,5.0,100.0
2010-08-30,0.0,100.0
2010-08-31,0.0,100.0
2010-09-01,0.0,95.0
2010-09-02,0.0,90.0
2010-09-03,5.0,85.0
2010-09-07,0.0,80.0
2010-09-08,0.0,75.0
2010-09-09,100.0,70.0
2010-09-10,95.0,65.0
2010-09-13,100.0,60.0
2010-09-14,95.0,55.0
2010-09-15,90.0,50.0
2010-09-16,85.0,45.0
2010-09-17,80.0,40.0
2010-09-20,75.0,35.0
2010-09-21,70.0,30.0
2010-09-22,65.0,25.0
2010-09-23,60.0,20.0
2010-09-24,55.0,15.0
2010-09-27,50.0,10.0
2010-09-28,45.0,5.0
2010-09-29,40.0,0.0
2010-09-30,35.0,0.0
2010-10-01,30.0,95.0
2010-10-04,25.0,90.0
2010-10-05,20.0,85.0
2010-10-06,15.0,80.0
2010-10-07,10.0,75.0
2010-10-08,5.0,70.0
2010-10-11,0.0,65.0
2010-10-12,25.0,60.0
2010-10-13,20.0,55.0
2010-10-14,15.0,100.0
2010-10-15,10.0,100.0
2010-10-18,5.0,95.0
2010-10-19,0.0,100.0
2010-10-20,0.0,100.0
2010-10-21,45.0,95.0
2010-10-22,40.0,90.0
2010-10-25,35.0,100.0
2010-10-26,30.0,100.0
2010-10-27,25.0,95.0
2010-10-28,20.0,90.0
2010-10-29,15.0,85.0
2010-11-01,10.0,80.0
2010-11-02,5.0,75.0
2010-11-03,0.0,70.0
2010-11-04,20.0,65.0
2010-11-05,15.0,60.0
2010-11-08,10.0,55.0
2010-11-09,5.0,50.0
2010-11-10,0.0,45.0
2010-11-11,0.0,40.0
2010-11-12,85.0,35.0
2010-11-15,80.0,30.0
2010-11-16,75.0,25.0
2010-11-17,70.0,20.0
2010-11-18,65.0,15.0
2010-11-19,60.0,10.0
2010-11-22,55.0,5.0
2010-11-23,50.0,0.0
2010-11-24,45.0,95.0
2010-11-26,40.0,90.0
2010-11-29,35.0,85.0
2010-11-30,30.0,80.0
2010-12-01,25.0,100.0
2010-12-02,20.0,95.0
2010-12-03,15.0,90.0
2010-12-06,10.0,85.0
2010-12-07,5.0,80.0
2010-12-08,0.0,75.0
2010-12-09,100.0,70.0
2010-12-10,100.0,65.0
2010-12-13,100.0,60.0
2010-12-14,95.0,55.0
2010-12-15,90.0,50.0
2010-12-16,85.0,45.0
2010-12-17,80.0,40.0
2010-12-20,75.0,35.0
2010-12-21,100.0,30.0
2010-12-22,100.0,25.0
2010-12-23,95.0,20.0
2010-12-27,90.0,15.0
2010-12-28,100.0,10.0
2010-12-29,95.0,5.0
2010-12-30,90.0,0.0
2010-12-31,85.0,0.0
2011-01-03,100.0,10.0
2011-01-04,100.0,5.0
2011-01-05,100.0,0.0
2011-01-06,100.0,0.0
2011-01-07,95.0,0.0
2011-01-10,90.0,15.0
2011-01-11,100.0,10.0
2011-01-12,100.0,5.0
2011-01-13,100.0,0.0
2011-01-14,100.0,0.0
2011-01-18,95.0,0.0
2011-01-19,90.0,0.0
2011-01-20,85.0,0.0
2011-01-21,80.0,10.0
2011-01-24,75.0,5.0
2011-01-25,70.0,0.0
2011-01-26,65.0,15.0
2011-01-27,60.0,10.0
2011-01-28,55.0,5.0
2011-01-31,50.0,0.0
2011-02-01,45.0,75.0
2011-02-02,40.0,70.0
2011-02-03,35.0,65.0
2011-02-04,30.0,60.0
2011-02-07,25.0,55.0
2011-02-08,20.0,50.0
2011-02-09,15.0,45.0
2011-02-10,10.0,40.0
2011-02-11,5.0,35.0
2011-02-14,0.0,30.0
2011-02-15,0.0,25.0
2011-02-16,90.0,20.0
2011-02-17,85.0,15.0
2011-02-18,80.0,10.0
2011-02-22,75.0,5.0
2011-02-23,70.0,0.0
2011-02-24,65.0,5.0
2011-02-25,60.0,0.0
2011-02-28,55.0,0.0
2011-03-01,50.0,0.0
2011-03-02,45.0,80.0
2011-03-03,40.0,75.0
2011-03-04,35.0,70.0
2011-03-07,30.0,65.0
2011-03-08,25.0,60.0
2011-03-09,20.0,55.0
2011-03-10,15.0,50.0
2011-03-11,10.0,45.0
2011-03-14,5.0,40.0
2011-03-15,0.0,100.0
2011-03-16,10.0,100.0
2011-03-17,5.0,95.0
2011-03-18,0.0,90.0
2011-03-21,0.0,85.0
2011-03-22,50.0,80.0
2011-03-23,45.0,100.0
2011-03-24,40.0,100.0
2011-03-25,35.0,100.0
2011-03-28,30.0,95.0
2011-03-29,25.0,100.0
2011-03-30,20.0,95.0
2011-03-31,15.0,90.0
2011-04-01,10.0,85.0
2011-04-04,5.0,80.0
2011-04-05,0.0,75.0
2011-04-06,0.0,70.0
2011-04-07,0.0,65.0
2011-04-08,0.0,60.0
2011-04-11,0.0,55.0
2011-04-12,15.0,50.0
2011-04-13,10.0,45.0
2011-04-14,5.0,100.0
2011-04-15,0.0,100.0
2011-04-18,0.0,100.0
2011-04-19,0.0,100.0
2011-04-20,55.0,95.0
2011-04-21,50.0,90.0
2011-04-25,45.0,85.0
2011-04-26,40.0,80.0
2011-04-27,35.0,75.0
2011-04-28,30.0,70.0
2011-04-29,25.0,65.0
2011-05-02,20.0,60.0
2011-05-03,15.0,55.0
2011-05-04,10.0,50.0
2011-05-05,5.0,45.0
2011-05-06,0.0,40.0
2011-05-09,0.0,100.0
2011-05-10,10.0,95.0
2011-05-11,5.0,90.0
2011-05-12,0.0,100.0
2011-05-13,5.0,100.0
2011-05-16,0.0,100.0
2011-05-17,50.0,100.0
2011-05-18,45.0,100.0
2011-05-19,40.0,100.0
2011-05-20,35.0,100.0
2011-05-23,30.0,100.0
2011-05-24,25.0,100.0
2011-05-25,20.0,95.0
2011-05-26,15.0,90.0
2011-05-27,10.0,85.0
2011-05-31,5.0,80.0
2011-06-01,0.0,100.0
2011-06-02,0.0,100.0
2011-06-03,0.0,95.0
2011-06-06,0.0,100.0
2011-06-07,10.0,100.0
2011-06-08,5.0,100.0
2011-06-09,0.0,95.0
2011-06-10,0.0,100.0
2011-06-13,0.0,95.0
2011-06-14,0.0,90.0
2011-06-15,0.0,100.0
2011-06-16,40.0,100.0
2011-06-17,35.0,95.0
2011-06-20,30.0,90.0
2011-06-21,25.0,85.0
2011-06-22,20.0,80.0
2011-06-23,15.0,75.0
2011-06-24,10.0,70.0
2011-06-27,5.0,65.0
2011-06-28,0.0,60.0
2011-06-29,0.0,55.0
2011-06-30,5.0,50.0
2011-07-01,0.0,45.0
2011-07-05,85.0,40.0
2011-07-06,80.0,35.0
2011-07-07,75.0,30.0
2011-07-08,70.0,25.0
2011-07-11,65.0,100.0
2011-07-12,60.0,100.0
2011-07-13,55.0,100.0
2011-07-14,50.0,100.0
2011-07-15,45.0,100.0
2011-07-18,40.0,100.0
2011-07-19,35.0,100.0
2011-07-20,30.0,95.0
2011-07-21,25.0,90.0
2011-07-22,20.0,85.0
2011-07-25,15.0,80.0
2011-07-26,10.0,75.0
2011-07-27,5.0,70.0
2011-07-28,0.0,65.0
2011-07-29,0.0,60.0
2011-08-01,0.0,55.0
2011-08-02,0.0,50.0
2011-08-03,5.0,100.0
2011-08-04,0.0,100.0
2011-08-05,0.0,100.0
2011-08-08,0.0,100.0
2011-08-09,0.0,95.0
2011-08-10,0.0,90.0
2011-08-11,0.0,85.0
2011-08-12,20.0,80.0
2011-08-15,15.0,75.0
2011-08-16,10.0,70.0
2011-08-17,5.0,65.0
2011-08-18,0.0,60.0
2011-08-19,0.0,55.0
2011-08-22,5.0,50.0
2011-08-23,0.0,100.0
2011-08-24,15.0,95.0
2011-08-25,10.0,90.0
2011-08-26,5.0,85.0
2011-08-29,0.0,80.0
2011-08-30,0.0,75.0
2011-08-31,0.0,70.0
2011-09-01,0.0,65.0
2011-09-02,0.0,60.0
2011-09-06,65.0,55.0
2011-09-07,60.0,50.0
2011-09-08,55.0,45.0
2011-09-09,50.0,40.0
2011-09-12,45.0,35.0
2011-09-13,40.0,30.0
2011-09-14,35.0,25.0
2011-09-15,30.0,20.0
2011-09-16,25.0,15.0
2011-09-19,20.0,10.0
2011-09-20,15.0,5.0
2011-09-21,10.0,0.0
2011-09-22,5.0,100.0
2011-09-23,0.0,95.0
2011-09-26,5.0,90.0
2011-09-27,0.0,85.0
2011-09-28,0.0,80.0
2011-09-29,0.0,75.0
2011-09-30,0.0,70.0
2011-10-03,10.0,100.0
2011-10-04,5.0,100.0
2011-10-05,0.0,95.0
2011-10-06,0.0,90.0
2011-10-07,25.0,85.0
2011-10-10,20.0,80.0
2011-10-11,15.0,75.0
2011-10-12,10.0,70.0
2011-10-13,5.0,65.0
2011-10-14,0.0,60.0
2011-10-17,0.0,55.0
2011-10-18,0.0,50.0
2011-10-19,0.0,45.0
2011-10-20,95.0,40.0
2011-10-21,90.0,35.0
2011-10-24,85.0,30.0
2011-10-25,80.0,25.0
2011-10-26,75.0,20.0
2011-10-27,100.0,15.0
2011-10-28,100.0,10.0
2011-10-31,95.0,5.0
2011-11-01,90.0,0.0
2011-11-02,85.0,0.0
2011-11-03,80.0,0.0
2011-11-04,75.0,0.0
2011-11-07,70.0,25.0
2011-11-08,65.0,20.0
2011-11-09,60.0,15.0
2011-11-10,55.0,100.0
2011-11-11,50.0,95.0
2011-11-14,45.0,90.0
2011-11-15,40.0,100.0
2011-11-16,35.0,100.0
2011-11-17,30.0,100.0
2011-11-18,25.0,100.0
2011-11-21,20.0,100.0
2011-11-22,15.0,100.0
2011-11-23,10.0,100.0
2011-11-25,5.0,100.0
2011-11-28,0.0,95.0
2011-11-29,0.0,100.0
2011-11-30,10.0,95.0
2011-12-01,5.0,90.0
2011-12-02,0.0,85.0
2011-12-05,0.0,80.0
2011-12-06,5.0,75.0
2011-12-07,0.0,70.0
2011-12-08,0.0,65.0
2011-12-09,0.0,60.0
2011-12-12,0.0,55.0
2011-12-13,5.0,50.0
2011-12-14,0.0,45.0
2011-12-15,0.0,40.0
2011-12-16,0.0,35.0
2011-12-19,50.0,100.0
2011-12-20,45.0,95.0
2011-12-21,40.0,90.0
2011-12-22,35.0,85.0
2011-12-23,30.0,80.0
2011-12-27,25.0,75.0
2011-12-28,20.0,70.0
2011-12-29,15.0,65.0
2011-12-30,10.0,60.0
2012-01-03,5.0,55.0
2012-01-04,0.0,50.0
2012-01-05,100.0,45.0
2012-01-06,95.0,40.0
2012-01-09,100.0,35.0
2012-01-10,100.0,30.0
2012-01-11,100.0,25.0
2012-01-12,100.0,20.0
2012-01-13,95.0,15.0
2012-01-17,90.0,10.0
2012-01-18,85.0,5.0
2012-01-19,100.0,0.0
2012-01-20,95.0,0.0
2012-01-23,100.0,0.0
2012-01-24,95.0,0.0
2012-01-25,100.0,10.0
2012-01-26,100.0,5.0
2012-01-27,95.0,0.0
2012-01-30,90.0,0.0
2012-01-31,85.0,0.0
2012-02-01,80.0,5.0
2012-02-02,75.0,0.0
2012-02-03,100.0,0.0
2012-02-06,100.0,0.0
2012-02-07,100.0,0.0
2012-02-08,100.0,15.0
2012-02-09,100.0,10.0
2012-02-10,95.0,5.0
2012-02-13,90.0,0.0
2012-02-14,85.0,0.0
2012-02-15,80.0,0.0
2012-02-16,75.0,0.0
2012-02-17,70.0,0.0
2012-02-21,65.0,25.0
2012-02-22,60.0,20.0
2012-02-23,55.0,15.0
2012-02-24,50.0,10.0
2012-02-27,45.0,5.0
2012-02-28,40.0,0.0
2012-02-29,35.0,0.0
2012-03-01,30.0,0.0
2012-03-02,25.0,0.0
2012-03-05,20.0,0.0
2012-03-06,15.0,100.0
2012-03-07,10.0,95.0
2012-03-08,5.0,90.0
2012-03-09,0.0,85.0
2012-03-12,5.0,80.0
2012-03-13,100.0,75.0
2012-03-14,100.0,70.0
2012-03-15,100.0,65.0
2012-03-16,100.0,60.0
2012-03-19,100.0,55.0
2012-03-20,95.0,50.0
2012-03-21,90.0,45.0
2012-03-22,85.0,40.0
2012-03-23,80.0,35.0
2012-03-26,75.0,30.0
2012-03-27,70.0,25.0
2012-03-28,65.0,20.0
2012-03-29,60.0,15.0
2012-03-30,55.0,10.0
2012-04-02,50.0,5.0
2012-04-03,45.0,0.0
2012-04-04,40.0,0.0
2012-04-05,35.0,10.0
2012-04-09,30.0,5.0
2012-04-10,25.0,0.0
2012-04-11,20.0,0.0
2012-04-12,15.0,90.0
2012-04-13,10.0,85.0
2012-04-16,5.0,80.0
2012-04-17,0.0,75.0
2012-04-18,20.0,70.0
2012-04-19,15.0,65.0
2012-04-20,10.0,100.0
2012-04-23,5.0,100.0
2012-04-24,0.0,95.0
2012-04-25,0.0,90.0
2012-04-26,15.0,85.0
2012-04-27,10.0,80.0
2012-04-30,5.0,75.0
2012-05-01,0.0,70.0
2012-05-02,0.0,65.0
2012-05-03,5.0,100.0
2012-05-04,0.0,100.0
2012-05-07,15.0,100.0
2012-05-08,10.0,95.0
2012-05-09,5.0,100.0
2012-05-10,0.0,95.0
2012-05-11,20.0,100.0
2012-05-14,15.0,100.0
2012-05-15,10.0,100.0
2012-05-16,5.0,100.0
2012-05-17,0.0,100.0
2012-05-18,0.0,100.0
2012-05-21,30.0,100.0
2012-05-22,25.0,95.0
2012-05-23,20.0,90.0
2012-05-24,15.0,85.0
2012-05-25,10.0,80.0
2012-05-29,5.0,75.0
2012-05-30,0.0,70.0
2012-05-31,0.0,65.0
2012-06-01,0.0,60.0
2012-06-04,5.0,55.0
2012-06-05,0.0,50.0
2012-06-06,10.0,45.0
2012-06-07,5.0,40.0
2012-06-08,0.0,35.0
2012-06-11,90.0,30.0
2012-06-12,85.0,25.0
2012-06-13,80.0,20.0
2012-06-14,75.0,15.0
2012-06-15,100.0,10.0
2012-06-18,100.0,5.0
2012-06-19,100.0,0.0
2012-06-20,100.0,40.0
2012-06-21,95.0,35.0
2012-06-22,90.0,30.0
2012-06-25,85.0,25.0
2012-06-26,80.0,20.0
2012-06-27,75.0,15.0
2012-06-28,70.0,10.0
2012-06-29,65.0,5.0
2012-07-02,60.0,0.0
2012-07-03,55.0,0.0
2012-07-05,50.0,0.0
2012-07-06,45.0,5.0
2012-07-09,40.0,0.0
2012-07-10,35.0,5.0
2012-07-11,30.0,0.0
2012-07-12,25.0,0.0
2012-07-13,20.0,85.0
2012-07-16,15.0,80.0
2012-07-17,10.0,75.0
2012-07-18,5.0,70.0
2012-07-19,0.0,100.0
2012-07-20,35.0,100.0
2012-07-23,30.0,100.0
2012-07-24,25.0,95.0
2012-07-25,20.0,90.0
2012-07-26,15.0,85.0
2012-07-27,10.0,80.0
2012-07-30,5.0,75.0
2012-07-31,0.0,70.0
2012-08-01,0.0,65.0
2012-08-02,0.0,60.0
2012-08-03,30.0,55.0
2012-08-06,25.0,50.0
2012-08-07,20.0,45.0
2012-08-08,15.0,40.0
2012-08-09,10.0,35.0
2012-08-10,5.0,30.0
2012-08-13,0.0,25.0
2012-08-14,5.0,20.0
2012-08-15,0.0,15.0
2012-08-16,100.0,10.0
2012-08-17,100.0,5.0
2012-08-20,100.0,0.0
2012-08-21,100.0,0.0
2012-08-22,95.0,0.0
2012-08-23,90.0,25.0
2012-08-24,85.0,20.0
2012-08-27,80.0,15.0
2012-08-28,75.0,10.0
2012-08-29,70.0,5.0
2012-08-30,65.0,0.0
2012-08-31,60.0,0.0
2012-09-04,55.0,0.0
2012-09-05,50.0,5.0
2012-09-06,45.0,0.0
2012-09-07,100.0,5.0
2012-09-10,100.0,0.0
2012-09-11,100.0,0.0
2012-09-12,100.0,5.0
2012-09-13,100.0,0.0
2012-09-14,100.0,50.0
2012-09-17,95.0,45.0
2012-09-18,90.0,40.0
2012-09-19,85.0,35.0
2012-09-20,80.0,30.0
2012-09-21,75.0,25.0
2012-09-24,70.0,20.0
2012-09-25,65.0,15.0
2012-09-26,60.0,10.0
2012-09-27,55.0,5.0
2012-09-28,50.0,0.0
2012-10-01,45.0,0.0
2012-10-02,40.0,5.0
2012-10-03,35.0,0.0
2012-10-04,30.0,0.0
2012-10-05,25.0,0.0
2012-10-08,20.0,0.0
2012-10-09,15.0,0.0
2012-10-10,10.0,50.0
2012-10-11,5.0,45.0
2012-10-12,0.0,40.0
2012-10-15,70.0,35.0
2012-10-16,65.0,30.0
2012-10-17,60.0,25.0
2012-10-18,55.0,20.0
2012-10-19,50.0,15.0
2012-10-22,45.0,10.0
2012-10-23,40.0,5.0
2012-10-24,35.0,0.0
2012-10-25,30.0,5.0
2012-10-26,25.0,0.0
2012-10-31,20.0,0.0
2012-11-01,100.0,0.0
2012-11-02,100.0,0.0
2012-11-05,95.0,15.0
2012-11-06,100.0,10.0
2012-11-07,95.0,5.0
2012-11-08,90.0,0.0
2012-11-09,85.0,60.0
2012-11-12,80.0,55.0
2012-11-13,75.0,50.0
2012-11-14,70.0,100.0
2012-11-15,65.0,95.0
2012-11-16,60.0,100.0
2012-11-19,55.0,95.0
2012-11-20,50.0,90.0
2012-11-21,45.0,85.0
2012-11-23,40.0,80.0
2012-11-26,35.0,75.0
2012-11-27,30.0,70.0
2012-11-28,25.0,65.0
2012-11-29,20.0,60.0
2012-11-30,15.0,55.0
2012-12-03,10.0,50.0
2012-12-04,5.0,45.0
2012-12-05,100.0,40.0
2012-12-06,100.0,35.0
2012-12-07,100.0,30.0
2012-12-10,95.0,25.0
2012-12-11,100.0,20.0
2012-12-12,95.0,15.0
2012-12-13,90.0,10.0
2012-12-14,85.0,5.0
2012-12-17,100.0,0.0
2012-12-18,100.0,0.0
2012-12-19,100.0,25.0
2012-12-20,100.0,20.0
2012-12-21,95.0,15.0
2012-12-24,90.0,10.0
2012-12-26,100.0,5.0
2012-12-27,100.0,0.0
2012-12-28,95.0,5.0
2012-12-31,90.0,0.0
2013-01-02,100.0,5.0
2013-01-03,95.0,0.0
2013-01-04,90.0,0.0
2013-01-07,100.0,0.0
2013-01-08,95.0,5.0
2013-01-09,90.0,0.0
2013-01-10,85.0,0.0
2013-01-11,80.0,5.0
2013-01-14,75.0,0.0
2013-01-15,70.0,0.0
2013-01-16,65.0,0.0
2013-01-17,60.0,0.0
2013-01-18,55.0,100.0
2013-01-22,50.0,95.0
2013-01-23,45.0,90.0
2013-01-24,40.0,85.0
2013-01-25,35.0,80.0
2013-01-28,30.0,75.0
2013-01-29,25.0,70.0
2013-01-30,20.0,65.0
2013-01-31,15.0,60.0
2013-02-01,10.0,55.0
2013-02-04,5.0,50.0
2013-02-05,0.0,45.0
2013-02-06,0.0,40.0
2013-02-07,0.0,35.0
2013-02-08,95.0,30.0
2013-02-11,90.0,25.0
2013-02-12,100.0,20.0
2013-02-13,100.0,15.0
2013-02-14,95.0,10.0
2013-02-15,90.0,5.0
2013-02-19,85.0,0.0
2013-02-20,80.0,0.0
2013-02-21,75.0,30.0
2013-02-22,70.0,25.0
2013-02-25,65.0,100.0
2013-02-26,60.0,95.0
2013-02-27,55.0,90.0
2013-02-28,50.0,85.0
2013-03-01,45.0,80.0
2013-03-04,40.0,75.0
2013-03-05,35.0,70.0
2013-03-06,30.0,65.0
2013-03-07,25.0,60.0
2013-03-08,100.0,55.0
2013-03-11,95.0,50.0
2013-03-12,90.0,45.0
2013-03-13,85.0,40.0
2013-03-14,80.0,35.0
2013-03-15,100.0,30.0
2013-03-18,100.0,25.0
2013-03-19,100.0,20.0
2013-03-20,95.0,15.0
2013-03-21,90.0,10.0
2013-03-22,85.0,5.0
2013-03-25,80.0,0.0
2013-03-26,75.0,15.0
2013-03-27,70.0,10.0
2013-03-28,65.0,5.0
2013-04-01,60.0,0.0
2013-04-02,55.0,0.0
2013-04-03,50.0,0.0
2013-04-04,45.0,100.0
2013-04-05,40.0,100.0
2013-04-08,35.0,95.0
2013-04-09,30.0,90.0
2013-04-10,25.0,85.0
2013-04-11,20.0,80.0
2013-04-12,15.0,75.0
2013-04-15,10.0,70.0
2013-04-16,5.0,65.0
2013-04-17,0.0,100.0
2013-04-18,0.0,100.0
2013-04-19,0.0,95.0
2013-04-22,5.0,90.0
2013-04-23,0.0,85.0
2013-04-24,0.0,80.0
2013-04-25,100.0,75.0
2013-04-26,95.0,70.0
2013-04-29,90.0,65.0
2013-04-30,85.0,60.0
2013-05-01,80.0,55.0
2013-05-02,75.0,50.0
2013-05-03,70.0,45.0
2013-05-06,100.0,40.0
2013-05-07,100.0,35.0
2013-05-08,100.0,30.0
2013-05-09,95.0,25.0
2013-05-10,90.0,20.0
2013-05-13,85.0,15.0
2013-05-14,100.0,10.0
2013-05-15,100.0,5.0
2013-05-16,100.0,0.0
2013-05-17,95.0,0.0
2013-05-20,100.0,0.0
2013-05-21,95.0,0.0
2013-05-22,100.0,30.0
2013-05-23,95.0,25.0
2013-05-24,90.0,20.0
2013-05-28,85.0,15.0
2013-05-29,80.0,10.0
2013-05-30,100.0,5.0
2013-05-31,100.0,0.0
2013-06-03,95.0,0.0
2013-06-04,90.0,0.0
2013-06-05,85.0,0.0
2013-06-06,80.0,55.0
2013-06-07,75.0,50.0
2013-06-10,70.0,45.0
2013-06-11,65.0,40.0
2013-06-12,60.0,35.0
2013-06-13,55.0,30.0
2013-06-14,50.0,25.0
2013-06-17,45.0,20.0
2013-06-18,40.0,15.0
2013-06-19,35.0,10.0
2013-06-20,30.0,100.0
2013-06-21,25.0,100.0
2013-06-24,20.0,100.0
2013-06-25,15.0,95.0
2013-06-26,10.0,90.0
2013-06-27,5.0,85.0
2013-06-28,0.0,80.0
2013-07-01,0.0,75.0
2013-07-02,0.0,70.0
2013-07-03,15.0,65.0
2013-07-05,10.0,60.0
2013-07-08,5.0,55.0
2013-07-09,0.0,50.0
2013-07-10,100.0,45.0
2013-07-11,100.0,40.0
2013-07-12,100.0,35.0
2013-07-15,100.0,30.0
2013-07-16,100.0,25.0
2013-07-17,100.0,20.0
2013-07-18,100.0,15.0
2013-07-19,95.0,10.0
2013-07-22,100.0,5.0
2013-07-23,100.0,0.0
2013-07-24,95.0,0.0
2013-07-25,90.0,0.0
2013-07-26,85.0,20.0
2013-07-29,80.0,15.0
2013-07-30,75.0,10.0
2013-07-31,70.0,5.0
2013-08-01,65.0,0.0
2013-08-02,60.0,0.0
2013-08-05,55.0,0.0
2013-08-06,50.0,0.0
2013-08-07,45.0,0.0
2013-08-08,40.0,0.0
2013-08-09,35.0,0.0
2013-08-12,30.0,0.0
2013-08-13,25.0,0.0
2013-08-14,20.0,0.0
2013-08-15,15.0,70.0
2013-08-16,10.0,100.0
2013-08-19,5.0,100.0
2013-08-20,0.0,100.0
2013-08-21,0.0,95.0
2013-08-22,25.0,90.0
2013-08-23,20.0,85.0
2013-08-26,15.0,80.0
2013-08-27,10.0,75.0
2013-08-28,5.0,70.0
2013-08-29,0.0,65.0
2013-08-30,0.0,60.0
2013-09-03,0.0,55.0
2013-09-04,0.0,50.0
2013-09-05,25.0,45.0
2013-09-06,20.0,40.0
2013-09-09,15.0,35.0
2013-09-10,10.0,30.0
2013-09-11,5.0,25.0
2013-09-12,0.0,20.0
2013-09-13,35.0,15.0
2013-09-16,30.0,10.0
2013-09-17,25.0,5.0
2013-09-18,100.0,0.0
2013-09-19,100.0,25.0
2013-09-20,95.0,20.0
2013-09-23,90.0,15.0
2013-09-24,85.0,10.0
2013-09-25,80.0,5.0
2013-09-26,75.0,100.0
2013-09-27,70.0,100.0
2013-09-30,65.0,100.0
2013-10-01,60.0,95.0
2013-10-02,55.0,90.0
2013-10-03,50.0,85.0
2013-10-04,45.0,80.0
2013-10-07,40.0,75.0
2013-10-08,35.0,70.0
2013-10-09,30.0,65.0
2013-10-10,25.0,60.0
2013-10-11,20.0,55.0
2013-10-14,15.0,50.0
2013-10-15,10.0,45.0
2013-10-16,5.0,40.0
2013-10-17,0.0,35.0
2013-10-18,100.0,30.0
2013-10-21,95.0,25.0
2013-10-22,90.0,20.0
2013-10-23,85.0,15.0
2013-10-24,80.0,10.0
2013-10-25,75.0,5.0
2013-10-28,70.0,0.0
2013-10-29,65.0,25.0
2013-10-30,60.0,20.0
2013-10-31,55.0,15.0
2013-11-01,50.0,10.0
2013-11-04,45.0,5.0
2013-11-05,40.0,0.0
2013-11-06,35.0,0.0
2013-11-07,30.0,100.0
2013-11-08,25.0,95.0
2013-11-11,20.0,90.0
2013-11-12,15.0,85.0
2013-11-13,10.0,80.0
2013-11-14,100.0,75.0
2013-11-15,100.0,70.0
2013-11-18,100.0,65.0
2013-11-19,100.0,60.0
2013-11-20,95.0,55.0
2013-11-21,100.0,50.0
2013-11-22,100.0,45.0
2013-11-25,100.0,40.0
2013-11-26,95.0,35.0
2013-11-27,90.0,30.0
2013-11-29,85.0,25.0
2013-12-02,80.0,20.0
2013-12-03,75.0,15.0
2013-12-04,70.0,10.0
2013-12-05,65.0,5.0
2013-12-06,60.0,0.0
2013-12-09,55.0,0.0
2013-12-10,50.0,10.0
2013-12-11,45.0,5.0
2013-12-12,40.0,0.0
2013-12-13,35.0,0.0
2013-12-16,30.0,0.0
2013-12-17,25.0,0.0
2013-12-18,20.0,0.0
2013-12-19,15.0,95.0
2013-12-20,10.0,90.0
2013-12-23,5.0,85.0
2013-12-24,0.0,80.0
2013-12-26,15.0,75.0
2013-12-27,10.0,70.0
2013-12-30,5.0,65.0
2013-12-31,0.0,60.0
2014-01-02,100.0,55.0
2014-01-03,100.0,50.0
2014-01-06,100.0,45.0
2014-01-07,100.0,40.0
2014-01-08,95.0,35.0
2014-01-09,100.0,30.0
2014-01-10,95.0,25.0
2014-01-13,90.0,20.0
2014-01-14,85.0,15.0
2014-01-15,100.0,10.0
2014-01-16,95.0,5.0
2014-01-17,90.0,0.0
2014-01-21,85.0,35.0
2014-01-22,80.0,30.0
2014-01-23,75.0,25.0
2014-01-24,70.0,20.0
2014-01-27,65.0,15.0
2014-01-28,60.0,10.0
2014-01-29,55.0,5.0
2014-01-30,50.0,0.0
2014-01-31,45.0,0.0
2014-02-03,40.0,75.0
2014-02-04,35.0,70.0
2014-02-05,30.0,65.0
2014-02-06,25.0,60.0
2014-02-07,20.0,55.0
2014-02-10,15.0,50.0
2014-02-11,10.0,45.0
2014-02-12,5.0,40.0
2014-02-13,0.0,35.0
2014-02-14,5.0,30.0
2014-02-18,0.0,25.0
2014-02-19,0.0,20.0
2014-02-20,0.0,15.0
2014-02-21,0.0,10.0
2014-02-24,20.0,5.0
2014-02-25,15.0,0.0
2014-02-26,10.0,100.0
2014-02-27,5.0,95.0
2014-02-28,0.0,90.0
2014-03-03,0.0,85.0
2014-03-04,30.0,80.0
2014-03-05,100.0,75.0
2014-03-06,100.0,70.0
2014-03-07,95.0,65.0
2014-03-10,90.0,60.0
2014-03-11,85.0,55.0
2014-03-12,80.0,50.0
2014-03-13,75.0,45.0
2014-03-14,70.0,40.0
2014-03-17,65.0,35.0
2014-03-18,60.0,30.0
2014-03-19,55.0,25.0
2014-03-20,100.0,20.0
2014-03-21,100.0,15.0
2014-03-24,95.0,10.0
2014-03-25,90.0,5.0
2014-03-26,85.0,0.0
2014-03-27,80.0,10.0
2014-03-28,75.0,5.0
2014-03-31,70.0,0.0
2014-04-01,65.0,0.0
2014-04-02,60.0,35.0
2014-04-03,55.0,30.0
2014-04-04,50.0,100.0
2014-04-07,45.0,100.0
2014-04-08,40.0,95.0
2014-04-09,35.0,90.0
2014-04-10,30.0,100.0
2014-04-11,25.0,100.0
2014-04-14,20.0,95.0
2014-04-15,15.0,90.0
2014-04-16,10.0,85.0
2014-04-17,5.0,80.0
2014-04-21,0.0,75.0
2014-04-22,0.0,70.0
2014-04-23,0.0,65.0
2014-04-24,5.0,60.0
2014-04-25,0.0,55.0
2014-04-28,10.0,100.0
2014-04-29,5.0,95.0
2014-04-30,0.0,90.0
2014-05-01,0.0,85.0
2014-05-02,0.0,80.0
2014-05-05,0.0,75.0
2014-05-06,0.0,100.0
2014-05-07,5.0,95.0
2014-05-08,0.0,90.0
2014-05-09,0.0,100.0
2014-05-12,40.0,95.0
2014-05-13,35.0,90.0
2014-05-14,30.0,85.0
2014-05-15,25.0,100.0
2014-05-16,20.0,100.0
2014-05-19,15.0,95.0
2014-05-20,10.0,90.0
2014-05-21,5.0,85.0
2014-05-22,0.0,80.0
2014-05-23,0.0,75.0
2014-05-27,0.0,70.0
2014-05-28,95.0,65.0
2014-05-29,90.0,60.0
2014-05-30,85.0,55.0
2014-06-02,80.0,50.0
2014-06-03,75.0,45.0
2014-06-04,70.0,40.0
2014-06-05,100.0,35.0
2014-06-06,100.0,30.0
2014-06-09,100.0,25.0
2014-06-10,100.0,20.0
2014-06-11,95.0,15.0
2014-06-12,90.0,10.0
2014-06-13,85.0,5.0
2014-06-16,80.0,0.0
2014-06-17,75.0,0.0
2014-06-18,70.0,0.0
2014-06-19,65.0,0.0
2014-06-20,60.0,0.0
2014-06-23,55.0,0.0
2014-06-24,50.0,0.0
2014-06-25,45.0,0.0
2014-06-26,40.0,10.0
2014-06-27,35.0,5.0
2014-06-30,30.0,0.0
2014-07-01,25.0,0.0
2014-07-02,100.0,0.0
2014-07-03,100.0,35.0
2014-07-07,95.0,30.0
2014-07-08,90.0,25.0
2014-07-09,85.0,20.0
2014-07-10,80.0,15.0
2014-07-11,75.0,10.0
2014-07-14,70.0,5.0
2014-07-15,65.0,0.0
2014-07-16,60.0,80.0
2014-07-17,55.0,100.0
2014-07-18,50.0,95.0
2014-07-21,45.0,90.0
2014-07-22,40.0,85.0
2014-07-23,35.0,80.0
2014-07-24,30.0,75.0
2014-07-25,25.0,70.0
2014-07-28,20.0,65.0
2014-07-29,15.0,60.0
2014-07-30,10.0,55.0
2014-07-31,5.0,50.0
2014-08-01,0.0,100.0
2014-08-04,0.0,95.0
2014-08-05,25.0,90.0
2014-08-06,20.0,85.0
2014-08-07,15.0,80.0
2014-08-08,10.0,75.0
2014-08-11,5.0,70.0
2014-08-12,0.0,65.0
2014-08-13,50.0,60.0
2014-08-14,45.0,55.0
2014-08-15,40.0,50.0
2014-08-18,35.0,45.0
2014-08-19,30.0,40.0
2014-08-20,25.0,35.0
2014-08-21,100.0,30.0
2014-08-22,100.0,25.0
2014-08-25,100.0,20.0
2014-08-26,100.0,15.0
2014-08-27,95.0,10.0
2014-08-28,90.0,5.0
2014-08-29,85.0,0.0
2014-09-02,80.0,5.0
2014-09-03,75.0,0.0
2014-09-04,70.0,10.0
2014-09-05,65.0,5.0
2014-09-08,60.0,0.0
2014-09-09,55.0,20.0
2014-09-10,50.0,15.0
2014-09-11,100.0,10.0
2014-09-12,100.0,5.0
2014-09-15,100.0,0.0
2014-09-16,95.0,0.0
2014-09-17,100.0,5.0
2014-09-18,100.0,0.0
2014-09-19,100.0,0.0
2014-09-22,100.0,45.0
2014-09-23,100.0,40.0
2014-09-24,95.0,35.0
2014-09-25,90.0,30.0
2014-09-26,85.0,25.0
2014-09-29,80.0,20.0
2014-09-30,75.0,15.0
2014-10-01,70.0,10.0
2014-10-02,65.0,5.0
2014-10-03,100.0,0.0
2014-10-06,100.0,5.0
2014-10-07,95.0,0.0
2014-10-08,90.0,0.0
2014-10-09,85.0,0.0
2014-10-10,80.0,100.0
2014-10-13,75.0,95.0
2014-10-14,70.0,100.0
2014-10-15,65.0,100.0
2014-10-16,60.0,95.0
2014-10-17,55.0,90.0
2014-10-20,50.0,85.0
2014-10-21,45.0,80.0
2014-10-22,40.0,75.0
2014-10-23,35.0,70.0
2014-10-24,30.0,65.0
2014-10-27,25.0,60.0
2014-10-28,20.0,55.0
2014-10-29,15.0,50.0
2014-10-30,10.0,45.0
2014-10-31,5.0,40.0
2014-11-03,0.0,35.0
2014-11-04,95.0,30.0
2014-11-05,100.0,25.0
2014-11-06,100.0,20.0
2014-11-07,95.0,15.0
2014-11-10,100.0,10.0
2014-11-11,100.0,5.0
2014-11-12,95.0,0.0
2014-11-13,90.0,0.0
2014-11-14,85.0,5.0
2014-11-17,80.0,0.0
2014-11-18,75.0,0.0
2014-11-19,70.0,0.0
2014-11-20,65.0,10.0
2014-11-21,60.0,5.0
2014-11-24,55.0,0.0
2014-11-25,50.0,0.0
2014-11-26,45.0,0.0
2014-11-28,40.0,75.0
2014-12-01,35.0,100.0
2014-12-02,30.0,95.0
2014-12-03,25.0,90.0
2014-12-04,20.0,85.0
2014-12-05,100.0,80.0
2014-12-08,100.0,75.0
2014-12-09,95.0,70.0
2014-12-10,90.0,65.0
2014-12-11,85.0,60.0
2014-12-12,80.0,55.0
2014-12-15,75.0,50.0
2014-12-16,70.0,100.0
2014-12-17,65.0,95.0
2014-12-18,60.0,90.0
2014-12-19,55.0,85.0
2014-12-22,50.0,80.0
2014-12-23,100.0,75.0
2014-12-24,100.0,70.0
2014-12-26,95.0,65.0
2014-12-29,100.0,60.0
2014-12-30,95.0,55.0
2014-12-31,100.0,50.0
2015-01-02,95.0,45.0
2015-01-05,90.0,40.0
2015-01-06,85.0,35.0
2015-01-07,80.0,30.0
2015-01-08,75.0,25.0
2015-01-09,70.0,20.0
2015-01-12,65.0,15.0
2015-01-13,60.0,100.0
2015-01-14,55.0,100.0
2015-01-15,50.0,100.0
2015-01-16,45.0,100.0
2015-01-20,40.0,95.0
2015-01-21,35.0,90.0
2015-01-22,30.0,85.0
2015-01-23,25.0,80.0
2015-01-26,20.0,75.0
2015-01-27,15.0,70.0
2015-01-28,10.0,65.0
2015-01-29,5.0,60.0
2015-01-30,0.0,55.0
2015-02-02,0.0,50.0
2015-02-03,0.0,45.0
2015-02-04,0.0,40.0
2015-02-05,10.0,35.0
2015-02-06,5.0,30.0
2015-02-09,0.0,25.0
2015-02-10,0.0,20.0
2015-02-11,0.0,15.0
2015-02-12,80.0,10.0
2015-02-13,100.0,5.0
2015-02-17,95.0,0.0
2015-02-18,90.0,45.0
2015-02-19,85.0,40.0
2015-02-20,80.0,35.0
2015-02-23,75.0,30.0
2015-02-24,70.0,25.0
2015-02-25,65.0,20.0
2015-02-26,60.0,15.0
2015-02-27,55.0,10.0
2015-03-02,50.0,5.0
2015-03-03,45.0,0.0
2015-03-04,40.0,0.0
2015-03-05,35.0,80.0
2015-03-06,30.0,75.0
2015-03-09,25.0,70.0
2015-03-10,20.0,65.0
2015-03-11,15.0,60.0
2015-03-12,10.0,55.0
2015-03-13,5.0,50.0
2015-03-16,0.0,45.0
2015-03-17,0.0,40.0
2015-03-18,60.0,35.0
2015-03-19,55.0,100.0
2015-03-20,50.0,95.0
2015-03-23,45.0,90.0
2015-03-24,40.0,100.0
2015-03-25,35.0,100.0
2015-03-26,30.0,100.0
2015-03-27,25.0,95.0
2015-03-30,20.0,90.0
2015-03-31,15.0,85.0
2015-04-01,10.0,100.0
2015-04-02,5.0,95.0
2015-04-06,0.0,90.0
2015-04-07,0.0,85.0
2015-04-08,20.0,80.0
2015-04-09,15.0,75.0
2015-04-10,10.0,70.0
2015-04-13,5.0,65.0
2015-04-14,0.0,60.0
2015-04-15,0.0,55.0
2015-04-16,0.0,50.0
2015-04-17,0.0,45.0
2015-04-20,80.0,40.0
2015-04-21,75.0,35.0
2015-04-22,70.0,30.0
2015-04-23,65.0,25.0
2015-04-24,60.0,20.0
2015-04-27,55.0,15.0
2015-04-28,50.0,10.0
2015-04-29,100.0,5.0
2015-04-30,100.0,0.0
2015-05-01,100.0,5.0
2015-05-04,100.0,0.0
2015-05-05,100.0,50.0
2015-05-06,95.0,45.0
2015-05-07,90.0,40.0
2015-05-08,85.0,35.0
2015-05-11,80.0,30.0
2015-05-12,75.0,25.0
2015-05-13,70.0,20.0
2015-05-14,65.0,15.0
2015-05-15,60.0,10.0
2015-05-18,55.0,5.0
2015-05-19,100.0,0.0
2015-05-20,100.0,0.0
2015-05-21,95.0,15.0
2015-05-22,90.0,10.0
2015-05-26,85.0,5.0
2015-05-27,80.0,0.0
2015-05-28,75.0,0.0
2015-05-29,70.0,0.0
2015-06-01,65.0,0.0
2015-06-02,60.0,10.0
2015-06-03,100.0,5.0
2015-06-04,95.0,0.0
2015-06-05,100.0,0.0
2015-06-08,95.0,0.0
2015-06-09,100.0,20.0
2015-06-10,100.0,15.0
2015-06-11,100.0,10.0
2015-06-12,95.0,5.0
2015-06-15,90.0,0.0
2015-06-16,85.0,0.0
2015-06-17,80.0,20.0
2015-06-18,75.0,15.0
2015-06-19,70.0,10.0
2015-06-22,65.0,5.0
2015-06-23,100.0,0.0
2015-06-24,95.0,15.0
2015-06-25,90.0,10.0
2015-06-26,85.0,5.0
2015-06-29,80.0,0.0
2015-06-30,75.0,0.0
2015-07-01,70.0,5.0
2015-07-02,65.0,0.0
2015-07-06,60.0,100.0
2015-07-07,55.0,100.0
2015-07-08,50.0,100.0
2015-07-09,45.0,95.0
2015-07-10,40.0,90.0
2015-07-13,35.0,85.0
2015-07-14,30.0,80.0
2015-07-15,100.0,75.0
2015-07-16,100.0,70.0
2015-07-17,100.0,65.0
2015-07-20,100.0,60.0
2015-07-21,95.0,55.0
2015-07-22,100.0,50.0
2015-07-23,95.0,45.0
2015-07-24,90.0,40.0
2015-07-27,85.0,35.0
2015-07-28,80.0,30.0
2015-07-29,75.0,25.0
2015-07-30,70.0,20.0
2015-07-31,65.0,15.0
2015-08-03,60.0,10.0
2015-08-04,55.0,5.0
2015-08-05,50.0,0.0
2015-08-06,45.0,0.0
2015-08-07,40.0,0.0
2015-08-10,35.0,5.0
2015-08-11,30.0,0.0
2015-08-12,25.0,100.0
2015-08-13,20.0,95.0
2015-08-14,15.0,90.0
2015-08-17,10.0,85.0
2015-08-18,5.0,80.0
2015-08-19,0.0,75.0
2015-08-20,0.0,100.0
2015-08-21,20.0,100.0
2015-08-24,15.0,100.0
2015-08-25,10.0,95.0
2015-08-26,5.0,90.0
2015-08-27,0.0,85.0
2015-08-28,25.0,80.0
2015-08-31,20.0,75.0
2015-09-01,15.0,70.0
2015-09-02,10.0,65.0
2015-09-03,5.0,60.0
2015-09-04,0.0,55.0
2015-09-08,0.0,50.0
2015-09-09,0.0,45.0
2015-09-10,20.0,40.0
2015-09-11,15.0,35.0
2015-09-14,10.0,30.0
2015-09-15,5.0,25.0
2015-09-16,0.0,20.0
2015-09-17,0.0,15.0
2015-09-18,0.0,10.0
2015-09-21,0.0,5.0
2015-09-22,85.0,0.0
2015-09-23,80.0,0.0
2015-09-24,75.0,0.0
2015-09-25,70.0,95.0
2015-09-28,65.0,100.0
2015-09-29,60.0,100.0
2015-09-30,55.0,95.0
2015-10-01,50.0,90.0
2015-10-02,45.0,100.0
2015-10-05,40.0,95.0
2015-10-06,35.0,90.0
2015-10-07,30.0,85.0
2015-10-08,25.0,80.0
2015-10-09,20.0,75.0
2015-10-12,15.0,70.0
2015-10-13,10.0,65.0
2015-10-14,5.0,60.0
2015-10-15,0.0,55.0
2015-10-16,100.0,50.0
2015-10-19,95.0,45.0
2015-10-20,100.0,40.0
2015-10-21,100.0,35.0
2015-10-22,95.0,30.0
2015-10-23,100.0,25.0
2015-10-26,100.0,20.0
2015-10-27,95.0,15.0
2015-10-28,100.0,10.0
2015-10-29,100.0,5.0
2015-10-30,95.0,0.0
2015-11-02,90.0,30.0
2015-11-03,85.0,25.0
2015-11-04,80.0,20.0
2015-11-05,75.0,15.0
2015-11-06,100.0,10.0
2015-11-09,95.0,5.0
2015-11-10,90.0,0.0
2015-11-11,85.0,0.0
2015-11-12,80.0,0.0
2015-11-13,75.0,15.0
2015-11-16,70.0,10.0
2015-11-17,65.0,5.0
2015-11-18,60.0,0.0
2015-11-19,55.0,0.0
2015-11-20,50.0,0.0
2015-11-23,45.0,5.0
2015-11-24,40.0,0.0
2015-11-25,35.0,0.0
2015-11-27,30.0,5.0
2015-11-30,25.0,0.0
2015-12-01,20.0,0.0
2015-12-02,15.0,5.0
2015-12-03,10.0,0.0
2015-12-04,5.0,35.0
2015-12-07,0.0,30.0
2015-12-08,0.0,25.0
2015-12-09,5.0,100.0
2015-12-10,0.0,95.0
2015-12-11,65.0,100.0
2015-12-14,60.0,100.0
2015-12-15,55.0,95.0
2015-12-16,50.0,90.0
2015-12-17,45.0,85.0
2015-12-18,40.0,80.0
2015-12-21,35.0,75.0
2015-12-22,30.0,70.0
2015-12-23,25.0,65.0
2015-12-24,20.0,60.0
2015-12-28,15.0,55.0
2015-12-29,10.0,50.0
2015-12-30,5.0,45.0
2015-12-31,0.0,40.0
2016-01-04,50.0,100.0
2016-01-05,45.0,100.0
2016-01-06,40.0,100.0
2016-01-07,35.0,100.0
2016-01-08,30.0,100.0
2016-01-11,25.0,100.0
2016-01-12,20.0,95.0
2016-01-13,15.0,100.0
2016-01-14,10.0,100.0
2016-01-15,5.0,100.0
2016-01-19,0.0,100.0
2016-01-20,20.0,100.0
2016-01-21,15.0,100.0
2016-01-22,10.0,95.0
2016-01-25,5.0,100.0
2016-01-26,0.0,95.0
2016-01-27,5.0,90.0
2016-01-28,0.0,85.0
2016-01-29,0.0,80.0
2016-02-01,0.0,75.0
2016-02-02,5.0,70.0
2016-02-03,0.0,100.0
2016-02-04,0.0,95.0
2016-02-05,5.0,90.0
2016-02-08,0.0,100.0
2016-02-09,5.0,100.0
2016-02-10,0.0,100.0
2016-02-11,0.0,100.0
2016-02-12,0.0,95.0
2016-02-16,5.0,90.0
2016-02-17,0.0,85.0
2016-02-18,35.0,80.0
2016-02-19,30.0,75.0
2016-02-22,25.0,70.0
2016-02-23,20.0,65.0
2016-02-24,15.0,60.0
2016-02-25,10.0,55.0
2016-02-26,5.0,50.0
2016-02-29,0.0,45.0
2016-03-01,0.0,40.0
2016-03-02,0.0,35.0
2016-03-03,5.0,30.0
2016-03-04,100.0,25.0
2016-03-07,95.0,20.0
2016-03-08,90.0,15.0
2016-03-09,85.0,10.0
2016-03-10,80.0,5.0
2016-03-11,75.0,0.0
2016-03-14,70.0,0.0
2016-03-15,65.0,30.0
2016-03-16,60.0,25.0
2016-03-17,55.0,20.0
2016-03-18,50.0,15.0
2016-03-21,100.0,10.0
2016-03-22,95.0,5.0
2016-03-23,90.0,0.0
2016-03-24,85.0,0.0
2016-03-28,80.0,0.0
2016-03-29,75.0,0.0
2016-03-30,70.0,0.0
2016-03-31,65.0,30.0
2016-04-01,60.0,25.0
2016-04-04,55.0,20.0
2016-04-05,50.0,15.0
2016-04-06,45.0,10.0
2016-04-07,40.0,100.0
2016-04-08,35.0,95.0
2016-04-11,30.0,90.0
2016-04-12,25.0,85.0
2016-04-13,20.0,80.0
2016-04-14,100.0,75.0
2016-04-15,100.0,70.0
2016-04-18,95.0,65.0
2016-04-19,100.0,60.0
2016-04-20,100.0,55.0
2016-04-21,100.0,50.0
2016-04-22,100.0,45.0
2016-04-25,100.0,40.0
2016-04-26,100.0,35.0
2016-04-27,100.0,30.0
2016-04-28,95.0,25.0
2016-04-29,90.0,20.0
2016-05-02,85.0,15.0
2016-05-03,80.0,10.0
2016-05-04,75.0,5.0
2016-05-05,70.0,0.0
2016-05-06,65.0,0.0
2016-05-09,60.0,0.0
2016-05-10,55.0,0.0
2016-05-11,50.0,0.0
2016-05-12,45.0,0.0
2016-05-13,40.0,75.0
2016-05-16,35.0,100.0
2016-05-17,30.0,95.0
2016-05-18,25.0,90.0
2016-05-19,20.0,85.0
2016-05-20,15.0,80.0
2016-05-23,10.0,75.0
2016-05-24,5.0,70.0
2016-05-25,0.0,65.0
2016-05-26,95.0,60.0
2016-05-27,90.0,55.0
2016-05-31,85.0,50.0
2016-06-01,80.0,45.0
2016-06-02,75.0,40.0
2016-06-03,70.0,35.0
2016-06-06,65.0,30.0
2016-06-07,60.0,25.0
2016-06-08,55.0,20.0
2016-06-09,50.0,15.0
2016-06-10,45.0,100.0
2016-06-13,40.0,100.0
2016-06-14,35.0,100.0
2016-06-15,30.0,95.0
2016-06-16,25.0,100.0
2016-06-17,20.0,95.0
2016-06-20,15.0,90.0
2016-06-21,10.0,85.0
2016-06-22,5.0,80.0
2016-06-23,0.0,75.0
2016-06-24,10.0,100.0
2016-06-27,5.0,100.0
2016-06-28,0.0,95.0
2016-06-29,5.0,90.0
2016-06-30,0.0,85.0
2016-07-01,5.0,80.0
2016-07-05,0.0,75.0
2016-07-06,0.0,70.0
2016-07-07,0.0,65.0
2016-07-08,0.0,60.0
2016-07-11,45.0,55.0
2016-07-12,40.0,50.0
2016-07-13,35.0,45.0
2016-07-14,30.0,40.0
2016-07-15,25.0,35.0
2016-07-18,100.0,30.0
2016-07-19,100.0,25.0
2016-07-20,100.0,20.0
2016-07-21,100.0,15.0
2016-07-22,95.0,10.0
2016-07-25,90.0,5.0
2016-07-26,100.0,0.0
2016-07-27,100.0,0.0
2016-07-28,95.0,20.0
2016-07-29,100.0,15.0
2016-08-01,95.0,10.0
2016-08-02,90.0,5.0
2016-08-03,85.0,0.0
2016-08-04,80.0,0.0
2016-08-05,100.0,0.0
2016-08-08,100.0,0.0
2016-08-09,100.0,5.0
2016-08-10,95.0,0.0
2016-08-11,90.0,5.0
2016-08-12,85.0,0.0
2016-08-15,80.0,0.0
2016-08-16,100.0,0.0
2016-08-17,100.0,45.0
2016-08-18,100.0,40.0
2016-08-19,100.0,35.0
2016-08-22,100.0,30.0
2016-08-23,100.0,25.0
2016-08-24,100.0,20.0
2016-08-25,100.0,15.0
2016-08-26,100.0,10.0
2016-08-29,100.0,5.0
2016-08-30,100.0,0.0
2016-08-31,100.0,0.0
2016-09-01,95.0,0.0
2016-09-02,90.0,25.0
2016-09-06,85.0,20.0
2016-09-07,80.0,15.0
2016-09-08,75.0,10.0
2016-09-09,70.0,5.0
2016-09-12,65.0,0.0
2016-09-13,60.0,5.0
2016-09-14,55.0,0.0
2016-09-15,50.0,10.0
2016-09-16,45.0,5.0
2016-09-19,40.0,0.0
2016-09-20,35.0,0.0
2016-09-21,30.0,0.0
2016-09-22,25.0,0.0
2016-09-23,20.0,90.0
2016-09-26,15.0,100.0
2016-09-27,10.0,100.0
2016-09-28,5.0,95.0
2016-09-29,0.0,90.0
2016-09-30,25.0,85.0
2016-10-03,20.0,80.0
2016-10-04,15.0,75.0
2016-10-05,100.0,70.0
2016-10-06,100.0,65.0
2016-10-07,100.0,60.0
2016-10-10,100.0,55.0
2016-10-11,95.0,50.0
2016-10-12,90.0,45.0
2016-10-13,85.0,40.0
2016-10-14,80.0,35.0
2016-10-17,75.0,30.0
2016-10-18,70.0,25.0
2016-10-19,100.0,20.0
2016-10-20,100.0,15.0
2016-10-21,100.0,10.0
2016-10-24,100.0,5.0
2016-10-25,100.0,0.0
2016-10-26,100.0,5.0
2016-10-27,100.0,0.0
2016-10-28,95.0,0.0
2016-10-31,90.0,0.0
2016-11-01,85.0,35.0
2016-11-02,80.0,30.0
2016-11-03,75.0,25.0
2016-11-04,70.0,20.0
2016-11-07,65.0,15.0
2016-11-08,100.0,10.0
2016-11-09,100.0,5.0
2016-11-10,100.0,0.0
2016-11-11,100.0,5.0
2016-11-14,100.0,0.0
2016-11-15,95.0,0.0
2016-11-16,90.0,50.0
2016-11-17,100.0,45.0
2016-11-18,95.0,40.0
2016-11-21,100.0,35.0
2016-11-22,100.0,30.0
2016-11-23,100.0,25.0
2016-11-25,100.0,20.0
2016-11-28,95.0,15.0
2016-11-29,90.0,10.0
2016-11-30,100.0,5.0
2016-12-01,100.0,0.0
2016-12-02,95.0,5.0
2016-12-05,90.0,0.0
2016-12-06,100.0,5.0
2016-12-07,100.0,0.0
2016-12-08,100.0,0.0
2016-12-09,95.0,0.0
2016-12-12,100.0,0.0
2016-12-13,95.0,0.0
2016-12-14,100.0,0.0
2016-12-15,100.0,0.0
2016-12-16,95.0,0.0
2016-12-19,90.0,0.0
2016-12-20,85.0,0.0
2016-12-21,80.0,0.0
2016-12-22,75.0,0.0
2016-12-23,70.0,10.0
2016-12-27,65.0,5.0
2016-12-28,60.0,0.0
2016-12-29,55.0,0.0
2016-12-30,50.0,5.0
2017-01-03,45.0,0.0
2017-01-04,40.0,0.0
2017-01-05,35.0,0.0
2017-01-06,30.0,75.0
2017-01-09,25.0,70.0
2017-01-10,20.0,65.0
2017-01-11,15.0,60.0
2017-01-12,10.0,55.0
2017-01-13,100.0,50.0
2017-01-17,95.0,45.0
2017-01-18,90.0,40.0
2017-01-19,85.0,35.0
2017-01-20,80.0,30.0
2017-01-23,75.0,25.0
2017-01-24,70.0,20.0
2017-01-25,100.0,15.0
2017-01-26,100.0,10.0
2017-01-27,95.0,5.0
2017-01-30,90.0,0.0
2017-01-31,85.0,0.0
2017-02-01,80.0,45.0
2017-02-02,75.0,40.0
2017-02-03,70.0,35.0
2017-02-06,65.0,30.0
2017-02-07,60.0,25.0
2017-02-08,55.0,20.0
2017-02-09,50.0,15.0
2017-02-10,45.0,10.0
2017-02-13,40.0,5.0
2017-02-14,100.0,0.0
2017-02-15,100.0,0.0
2017-02-16,95.0,0.0
2017-02-17,90.0,5.0
2017-02-21,100.0,0.0
2017-02-22,100.0,55.0
2017-02-23,95.0,50.0
2017-02-24,90.0,45.0
2017-02-27,85.0,40.0
2017-02-28,80.0,35.0
2017-03-01,100.0,30.0
2017-03-02,100.0,25.0
2017-03-03,95.0,20.0
2017-03-06,90.0,15.0
2017-03-07,85.0,10.0
2017-03-08,80.0,5.0
2017-03-09,75.0,0.0
2017-03-10,70.0,0.0
2017-03-13,65.0,0.0
2017-03-14,60.0,0.0
2017-03-15,55.0,0.0
2017-03-16,50.0,30.0
2017-03-17,45.0,25.0
2017-03-20,40.0,20.0
2017-03-21,35.0,100.0
2017-03-22,30.0,100.0
2017-03-23,25.0,95.0
2017-03-24,20.0,90.0
2017-03-27,15.0,100.0
2017-03-28,10.0,95.0
2017-03-29,5.0,90.0
2017-03-30,0.0,85.0
2017-03-31,15.0,80.0
2017-04-03,10.0,75.0
2017-04-04,5.0,70.0
2017-04-05,0.0,65.0
2017-04-06,5.0,60.0
2017-04-07,0.0,55.0
2017-04-10,10.0,50.0
2017-04-11,5.0,45.0
2017-04-12,0.0,40.0
2017-04-13,0.0,35.0
2017-04-17,0.0,30.0
2017-04-18,0.0,25.0
2017-04-19,0.0,20.0
2017-04-20,30.0,15.0
2017-04-21,25.0,10.0
2017-04-24,20.0,5.0
2017-04-25,100.0,0.0
2017-04-26,95.0,65.0
2017-04-27,90.0,60.0
2017-04-28,85.0,55.0
2017-05-01,80.0,50.0
2017-05-02,75.0,45.0
2017-05-03,70.0,40.0
2017-05-04,65.0,35.0
2017-05-05,60.0,30.0
2017-05-08,55.0,25.0
2017-05-09,50.0,20.0
2017-05-10,45.0,15.0
2017-05-11,40.0,10.0
2017-05-12,35.0,5.0
2017-05-15,30.0,0.0
2017-05-16,25.0,0.0
2017-05-17,20.0,100.0
2017-05-18,15.0,95.0
2017-05-19,10.0,90.0
2017-05-22,5.0,85.0
2017-05-23,0.0,80.0
2017-05-24,45.0,75.0
2017-05-25,40.0,70.0
2017-05-26,35.0,65.0
2017-05-30,30.0,60.0
2017-05-31,25.0,100.0
2017-06-01,20.0,95.0
2017-06-02,15.0,90.0
2017-06-05,10.0,85.0
2017-06-06,5.0,100.0
2017-06-07,0.0,95.0
2017-06-08,5.0,90.0
2017-06-09,0.0,85.0
2017-06-12,10.0,80.0
2017-06-13,5.0,75.0
2017-06-14,0.0,70.0
2017-06-15,90.0,65.0
2017-06-16,85.0,60.0
2017-06-19,80.0,55.0
2017-06-20,75.0,50.0
2017-06-21,70.0,45.0
2017-06-22,65.0,40.0
2017-06-23,60.0,35.0
2017-06-26,55.0,30.0
2017-06-27,50.0,25.0
2017-06-28,45.0,20.0
2017-06-29,100.0,15.0
2017-06-30,95.0,10.0
2017-07-03,100.0,5.0
2017-07-05,100.0,0.0
2017-07-06,100.0,0.0
2017-07-07,95.0,0.0
2017-07-10,90.0,55.0
2017-07-11,85.0,50.0
2017-07-12,80.0,45.0
2017-07-13,75.0,40.0
2017-07-14,70.0,35.0
2017-07-17,65.0,30.0
2017-07-18,60.0,25.0
2017-07-19,55.0,20.0
2017-07-20,50.0,15.0
2017-07-21,45.0,10.0
2017-07-24,40.0,5.0
2017-07-25,35.0,0.0
2017-07-26,30.0,0.0
2017-07-27,25.0,0.0
2017-07-28,20.0,60.0
2017-07-31,15.0,55.0
2017-08-01,10.0,50.0
2017-08-02,5.0,45.0
2017-08-03,0.0,40.0
2017-08-04,100.0,35.0
2017-08-07,95.0,30.0
2017-08-08,100.0,25.0
2017-08-09,95.0,20.0
2017-08-10,90.0,15.0
2017-08-11,85.0,10.0
2017-08-14,80.0,5.0
2017-08-15,75.0,0.0
2017-08-16,70.0,10.0
2017-08-17,65.0,100.0
2017-08-18,60.0,100.0
2017-08-21,55.0,100.0
2017-08-22,50.0,95.0
2017-08-23,45.0,90.0
2017-08-24,40.0,85.0
2017-08-25,35.0,80.0
2017-08-28,30.0,75.0
2017-08-29,25.0,100.0
2017-08-30,20.0,95.0
2017-08-31,15.0,90.0
2017-09-01,10.0,85.0
2017-09-05,5.0,80.0
2017-09-06,0.0,75.0
2017-09-07,20.0,100.0
2017-09-08,15.0,95.0
2017-09-11,10.0,90.0
2017-09-12,5.0,85.0
2017-09-13,0.0,80.0
2017-09-14,0.0,75.0
2017-09-15,95.0,70.0
2017-09-18,100.0,65.0
2017-09-19,100.0,60.0
2017-09-20,100.0,55.0
2017-09-21,100.0,50.0
2017-09-22,95.0,45.0
2017-09-25,90.0,40.0
2017-09-26,85.0,35.0
2017-09-27,100.0,30.0
2017-09-28,100.0,25.0
2017-09-29,95.0,20.0
2017-10-02,100.0,15.0
2017-10-03,100.0,10.0
2017-10-04,100.0,5.0
2017-10-05,100.0,0.0
2017-10-06,100.0,0.0
2017-10-09,95.0,0.0
2017-10-10,90.0,0.0
2017-10-11,85.0,0.0
2017-10-12,80.0,5.0
2017-10-13,75.0,0.0
2017-10-16,100.0,0.0
2017-10-17,100.0,20.0
2017-10-18,100.0,15.0
2017-10-19,100.0,10.0
2017-10-20,100.0,5.0
2017-10-23,100.0,0.0
2017-10-24,100.0,0.0
2017-10-25,100.0,60.0
2017-10-26,100.0,55.0
2017-10-27,95.0,50.0
2017-10-30,90.0,45.0
2017-10-31,85.0,40.0
2017-11-01,80.0,35.0
2017-11-02,75.0,30.0
2017-11-03,70.0,25.0
2017-11-06,65.0,20.0
2017-11-07,60.0,15.0
2017-11-08,55.0,10.0
2017-11-09,50.0,5.0
2017-11-10,45.0,0.0
2017-11-13,40.0,0.0
2017-11-14,35.0,100.0
2017-11-15,30.0,100.0
2017-11-16,25.0,95.0
2017-11-17,20.0,90.0
2017-11-20,15.0,85.0
2017-11-21,10.0,80.0
2017-11-22,5.0,75.0
2017-11-24,0.0,70.0
2017-11-27,0.0,65.0
2017-11-28,15.0,60.0
2017-11-29,100.0,55.0
2017-11-30,100.0,50.0
2017-12-01,95.0,45.0
2017-12-04,100.0,40.0
2017-12-05,95.0,35.0
2017-12-06,90.0,30.0
2017-12-07,85.0,25.0
2017-12-08,80.0,20.0
2017-12-11,75.0,15.0
2017-12-12,100.0,10.0
2017-12-13,95.0,5.0
2017-12-14,90.0,0.0
2017-12-15,85.0,5.0
2017-12-18,100.0,0.0
2017-12-19,100.0,20.0
2017-12-20,100.0,15.0
2017-12-21,100.0,10.0
2017-12-22,100.0,5.0
2017-12-26,95.0,0.0
2017-12-27,90.0,0.0
2017-12-28,85.0,10.0
2017-12-29,80.0,5.0
