date,WILLR
2010-01-04,-35.4839
2010-01-05,-14.8387
2010-01-06,-28.4672
2010-01-07,-9.4891
2010-01-08,-10.9489
2010-01-11,-23.125
2010-01-12,-54.375
2010-01-13,-54.375
2010-01-14,-56.875
2010-01-15,-89.7674
2010-01-19,-10.6977
2010-01-20,-9.9437
2010-01-21,-99.9356
2010-01-22,-99.9784
2010-01-25,-99.9819
2010-01-26,-99.9962
2010-01-27,-99.8984
2010-01-28,-99.8288
2010-01-29,-99.7508
2010-02-01,-99.7805
2010-02-02,-99.7776
2010-02-03,-99.811
2010-02-04,-99.862
2010-02-05,-99.834
2010-02-08,-99.8148
2010-02-09,-99.8061
2010-02-10,-99.8093
2010-02-11,-99.7432
2010-02-12,-99.7371
2010-02-16,-99.7618
2010-02-17,-99.756
2010-02-18,-13.4255
2010-02-19,-5.3136
2010-02-22,-4.3372
2010-02-23,-7.6923
2010-02-24,-4.0275
2010-02-25,-8.1368
2010-02-26,-0.5834
2010-03-01,-0.2904
2010-03-02,-17.6259
2010-03-03,-1.7331
2010-03-04,-5.5461
2010-03-05,-0.3393
2010-03-08,-7.3308
2010-03-09,-11.3754
2010-03-10,-15.9236
2010-03-11,-12.845
2010-03-12,-14.7778
2010-03-15,-17.2202
2010-03-16,-15.6212
2010-03-17,-13.8781
2010-03-18,-17.256
2010-03-19,-28.7619
2010-03-22,-24.2915
2010-03-23,-25.1012
2010-03-24,-43.1174
2010-03-25,-41.8345
2010-03-26,-51.2415
2010-03-29,-64.539
2010-03-30,-69.8582
2010-03-31,-83.3333
2010-04-01,-69.5652
2010-04-05,-87.3188
2010-04-06,-84.1463
2010-04-07,-87.3199
2010-04-08,-85.2713
2010-04-09,-64.3411
2010-04-12,-64.5995
2010-04-13,-65.3747
2010-04-14,-54.0052
2010-04-15,-75.1938
2010-04-16,-57.1046
2010-04-19,-42.8571
2010-04-20,-35.2092
2010-04-21,-50.4438
2010-04-22,-53.2544
2010-04-23,-48.2655
2010-04-26,-42.236
2010-04-27,-81.804
2010-04-28,-74.339
2010-04-29,-60.0311
2010-04-30,-76.9829
2010-05-03,-47.5763
2010-05-04,-80.4309
2010-05-05,-78.6738
2010-05-06,-67.7789
2010-05-07,-69.6559
2010-05-10,-29.5288
2010-05-11,-36.0209
2010-05-12,-30.1075
2010-05-13,-33.9061
2010-05-14,-45.6322
2010-05-17,-44.7126
2010-05-18,-54.3678
2010-05-19,-47.0012
2010-05-20,-90.4529
2010-05-21,-68.8728
2010-05-24,-91.1364
2010-05-25,-78.1977
2010-05-26,-82.1705
2010-05-27,-52.8101
2010-05-28,-79.9419
2010-06-01,-82.7519
2010-06-02,-63.469
2010-06-03,-62.5969
2010-06-04,-83.4302
2010-06-07,-84.8837
2010-06-08,-59.6899
2010-06-09,-66.9315
2010-06-10,-41.58
2010-06-11,-33.2207
2010-06-14,-27.4775
2010-06-15,-1.2387
2010-06-16,-0.3311
2010-06-17,-0.647
2010-06-18,-0.4348
2010-06-21,-5.3467
2010-06-22,-7.6859
2010-06-23,-12.0849
2010-06-24,-14.6679
2010-06-25,-0.0
2010-06-28,-7.1603
2010-06-29,-15.2156
2010-06-30,-17.9821
2010-07-01,-25.1424
2010-07-02,-37.917
2010-07-06,-35.2319
2010-07-07,-18.7856
2010-07-08,-25.9375
2010-07-09,-24.8555
2010-07-12,-33.2421
2010-07-13,-28.7324
2010-07-14,-47.1349
2010-07-15,-41.8738
2010-07-16,-91.7782
2010-07-19,-84.0659
2010-07-20,-65.3571
2010-07-21,-92.6186
2010-07-22,-62.3902
2010-07-23,-56.0633
2010-07-26,-51.8234
2010-07-27,-55.8541
2010-07-28,-64.7702
2010-07-29,-54.4776
2010-07-30,-52.4876
2010-08-02,-7.7114
2010-08-03,-9.9502
2010-08-04,-1.9397
2010-08-05,-0.8584
2010-08-06,-8.5837
2010-08-09,-4.2644
2010-08-10,-24.9467
2010-08-11,-72.4947
2010-08-12,-82.7292
2010-08-13,-87.8465
2010-08-16,-83.5391
2010-08-17,-69.3416
2010-08-18,-43.4156
2010-08-19,-69.1358
2010-08-20,-65.2263
2010-08-23,-75.5144
2010-08-24,-88.8889
2010-08-25,-77.6515
2010-08-26,-85.7955
2010-08-27,-40.1515
2010-08-30,-56.8182
2010-08-31,-40.1515
2010-09-01,-1.306
2010-09-02,-2.9617
2010-09-03,-0.6633
2010-09-07,-14.262
2010-09-08,-0.9788
2010-09-09,-1.7621
2010-09-10,-0.0
2010-09-13,-0.3871
2010-09-14,-6.6583
2010-09-15,-1.2563
2010-09-16,-0.5025
2010-09-17,-16.7644
2010-09-20,-7.5029
2010-09-21,-12.4267
2010-09-22,-20.2814
2010-09-23,-35.7055
2010-09-24,-27.6387
2010-09-27,-35.6802
2010-09-28,-33.2936
2010-09-29,-49.7817
2010-09-30,-56.383
2010-10-01,-58.1181
2010-10-04,-72.8155
2010-10-05,-49.7951
2010-10-06,-47.541
2010-10-07,-55.123
2010-10-08,-55.3279
2010-10-11,-59.6311
2010-10-12,-52.459
2010-10-13,-45.082
2010-10-14,-46.1066
2010-10-15,-51.0246
2010-10-18,-48.3607
2010-10-19,-71.7213
2010-10-20,-60.2459
2010-10-21,-65.0685
2010-10-22,-37.3737
2010-10-25,-37.7104
2010-10-26,-69.6875
2010-10-27,-90.2778
2010-10-28,-99.3151
2010-10-29,-85.3403
2010-11-01,-79.4066
2010-11-02,-70.3316
2010-11-03,-55.4974
2010-11-04,-26.0035
2010-11-05,-12.74
2010-11-08,-37.1728
2010-11-09,-62.8272
2010-11-10,-43.9791
2010-11-11,-56.4195
2010-11-12,-71.0227
2010-11-15,-72.1591
2010-11-16,-77.4621
2010-11-17,-84.6591
2010-11-18,-59.4697
2010-11-19,-61.1742
2010-11-22,-74.8031
2010-11-23,-92.7165
2010-11-24,-68.8976
2010-11-26,-79.5276
2010-11-29,-86.1446
2010-11-30,-82.7309
2010-12-01,-62.6506
2010-12-02,-47.7912
2010-12-03,-58.2329
2010-12-06,-64.9438
2010-12-07,-70.7521
2010-12-08,-48.6567
2010-12-09,-46.129
2010-12-10,-40.0
2010-12-13,-50.9677
2010-12-14,-54.1935
2010-12-15,-76.4516
2010-12-16,-65.8065
2010-12-17,-63.5484
2010-12-20,-75.8065
2010-12-21,-46.129
2010-12-22,-57.4194
2010-12-23,-66.4516
2010-12-27,-56.7742
2010-12-28,-67.2474
2010-12-29,-74.6324
2010-12-30,-90.991
2010-12-31,-58.4475
2011-01-03,-44.7489
2011-01-04,-50.2564
2011-01-05,-0.0
2011-01-06,-34.2697
2011-01-07,-69.6629
2011-01-10,-72.2826
2011-01-11,-85.8696
2011-01-12,-13.0435
2011-01-13,-11.9565
2011-01-14,-0.7905
2011-01-18,-9.4595
2011-01-19,-39.8649
2011-01-20,-46.2838
2011-01-21,-55.7432
2011-01-24,-10.5882
2011-01-25,-3.2941
2011-01-26,-9.447
2011-01-27,-10.3687
2011-01-28,-44.2396
2011-01-31,-39.8618
2011-02-01,-3.4404
2011-02-02,-30.1688
2011-02-03,-18.1435
2011-02-04,-14.9789
2011-02-07,-0.2012
2011-02-08,-6.9853
2011-02-09,-15.3846
2011-02-10,-4.5147
2011-02-11,-1.0549
2011-02-14,-3.7879
2011-02-15,-9.8485
2011-02-16,-10.2273
2011-02-17,-10.7955
2011-02-18,-10.6888
2011-02-22,-57.8164
2011-02-23,-65.5087
2011-02-24,-53.1017
2011-02-25,-15.6328
2011-02-28,-6.0359
2011-03-01,-42.9338
2011-03-02,-47.3874
2011-03-03,-17.1171
2011-03-04,-38.7387
2011-03-07,-47.027
2011-03-08,-23.4234
2011-03-09,-29.3694
2011-03-10,-48.1081
2011-03-11,-42.3423
2011-03-14,-61.982
2011-03-15,-85.6427
2011-03-16,-99.4065
2011-03-17,-72.997
2011-03-18,-61.8694
2011-03-21,-36.7953
2011-03-22,-39.6142
2011-03-23,-43.1751
2011-03-24,-36.9436
2011-03-25,-35.7567
2011-03-28,-48.3582
2011-03-29,-36.6667
2011-03-30,-24.1667
2011-03-31,-52.6957
2011-04-01,-50.1799
2011-04-04,-60.6115
2011-04-05,-78.8785
2011-04-06,-76.7241
2011-04-07,-77.8742
2011-04-08,-80.6522
2011-04-11,-70.6522
2011-04-12,-83.2609
2011-04-13,-100.0
2011-04-14,-93.1641
2011-04-15,-90.2344
2011-04-18,-90.925
2011-04-19,-87.4346
2011-04-20,-66.1431
2011-04-21,-54.9738
2011-04-25,-54.6248
2011-04-26,-45.2007
2011-04-27,-43.9791
2011-04-28,-25.1073
2011-04-29,-18.3295
2011-05-02,-49.0476
2011-05-03,-35.533
2011-05-04,-54.3147
2011-05-05,-96.2085
2011-05-06,-83.1754
2011-05-09,-70.8531
2011-05-10,-59.0047
2011-05-11,-85.782
2011-05-12,-71.564
2011-05-13,-96.4455
2011-05-16,-91.974
2011-05-17,-93.0097
2011-05-18,-79.6117
2011-05-19,-86.2136
2011-05-20,-97.0874
2011-05-23,-95.5738
2011-05-24,-98.8562
2011-05-25,-85.6703
2011-05-26,-83.359
2011-05-27,-84.63
2011-05-31,-65.0854
2011-06-01,-98.725
2011-06-02,-96.6667
2011-06-03,-97.4074
2011-06-06,-98.0707
2011-06-07,-99.5399
2011-06-08,-99.2711
2011-06-09,-89.2962
2011-06-10,-95.393
2011-06-13,-91.1315
2011-06-14,-77.6358
2011-06-15,-91.0979
2011-06-16,-73.5905
2011-06-17,-64.2072
2011-06-20,-50.8562
2011-06-21,-44.1781
2011-06-22,-53.0822
2011-06-23,-59.2466
2011-06-24,-59.0753
2011-06-27,-58.9041
2011-06-28,-43.6396
2011-06-29,-19.3206
2011-06-30,-2.5761
2011-07-01,-2.0161
2011-07-05,-17.7419
2011-07-06,-33.6694
2011-07-07,-8.4677
2011-07-08,-26.0081
2011-07-11,-58.871
2011-07-12,-48.5887
2011-07-13,-37.7016
2011-07-14,-46.6518
2011-07-15,-76.2803
2011-07-18,-83.0189
2011-07-19,-51.2129
2011-07-20,-55.2561
2011-07-21,-22.9111
2011-07-22,-32.2034
2011-07-25,-65.896
2011-07-26,-77.4566
2011-07-27,-99.1501
2011-07-28,-91.0082
2011-07-29,-99.0148
2011-08-01,-79.2208
2011-08-02,-100.0
2011-08-03,-77.2994
2011-08-04,-97.4926
2011-08-05,-84.106
2011-08-08,-98.7376
2011-08-09,-42.11
2011-08-10,-90.1713
2011-08-11,-52.8404
2011-08-12,-54.8242
2011-08-15,-45.6267
2011-08-16,-52.4797
2011-08-17,-47.0694
2011-08-18,-72.1461
2011-08-19,-81.4475
2011-08-22,-86.4067
2011-08-23,-66.4853
2011-08-24,-53.8629
2011-08-25,-73.0141
2011-08-26,-63.765
2011-08-29,-26.0024
2011-08-30,-24.5407
2011-08-31,-8.3333
2011-09-01,-31.3559
2011-09-02,-59.6045
2011-09-06,-80.1843
2011-09-07,-46.7638
2011-09-08,-69.3201
2011-09-09,-96.3576
2011-09-12,-66.1094
2011-09-13,-72.0365
2011-09-14,-63.5258
2011-09-15,-41.9453
2011-09-16,-31.003
2011-09-19,-59.7264
2011-09-20,-58.8146
2011-09-21,-96.8085
2011-09-22,-92.1117
2011-09-23,-87.6214
2011-09-26,-18.2039
2011-09-27,-24.8322
2011-09-28,-39.2617
2011-09-29,-17.6734
2011-09-30,-36.3535
2011-10-03,-47.3154
2011-10-04,-12.528
2011-10-05,-11.8568
2011-10-06,-7.3826
2011-10-07,-28.9709
2011-10-10,-3.3113
2011-10-11,-11.0375
2011-10-12,-6.2124
2011-10-13,-12.8257
2011-10-14,-5.8116
2011-10-17,-24.4489
2011-10-18,-4.2365
2011-10-19,-15.7692
2011-10-20,-1.2512
2011-10-21,-0.5814
2011-10-24,-5.5491
2011-10-25,-22.8902
2011-10-26,-4.7872
2011-10-27,-0.7819
2011-10-28,-5.3866
2011-10-31,-23.6316
2011-11-01,-55.9116
2011-11-02,-34.5638
2011-11-03,-19.6868
2011-11-04,-41.594
2011-11-07,-43.3375
2011-11-08,-30.137
2011-11-09,-64.5081
2011-11-10,-57.1606
2011-11-11,-44.9564
2011-11-14,-61.1399
2011-11-15,-69.403
2011-11-16,-93.0709
2011-11-17,-94.012
2011-11-18,-77.994
2011-11-21,-93.7126
2011-11-22,-93.1138
2011-11-23,-99.6183
2011-11-25,-96.0864
2011-11-28,-59.5506
2011-11-29,-60.4688
2011-11-30,-3.9002
2011-12-01,-18.7207
2011-12-02,-24.493
2011-12-05,-14.0406
2011-12-06,-13.4165
2011-12-07,-4.5242
2011-12-08,-32.2933
2011-12-09,-21.8409
2011-12-12,-42.7457
2011-12-13,-49.142
2011-12-14,-54.4462
2011-12-15,-64.1186
2011-12-16,-60.5304
2011-12-19,-77.5351
2011-12-20,-45.3978
2011-12-21,-43.5257
2011-12-22,-33.0733
2011-12-23,-24.053
2011-12-27,-33.7121
2011-12-28,-47.1591
2011-12-29,-38.6847
2011-12-30,-50.2901
2012-01-03,-23.5977
2012-01-04,-40.619
2012-01-05,-38.1044
2012-01-06,-41.6667
2012-01-09,-43.8596
2012-01-10,-19.0789
2012-01-11,-6.3596
2012-01-12,-0.0
2012-01-13,-15.304
2012-01-17,-13.2924
2012-01-18,-0.0
2012-01-19,-0.0
2012-01-20,-0.2262
2012-01-23,-18.7805
2012-01-24,-35.468
2012-01-25,-2.6829
2012-01-26,-9.9526
2012-01-27,-15.6398
2012-01-30,-32.9384
2012-01-31,-40.5213
2012-02-01,-33.6493
2012-02-02,-31.9905
2012-02-03,-1.9324
2012-02-06,-5.5556
2012-02-07,-5.9524
2012-02-08,-13.2492
2012-02-09,-28.5714
2012-02-10,-41.8831
2012-02-13,-25.8065
2012-02-14,-51.5556
2012-02-15,-91.7808
2012-02-16,-53.4247
2012-02-17,-30.137
2012-02-21,-20.5479
2012-02-22,-52.5114
2012-02-23,-32.4201
2012-02-24,-2.7149
2012-02-27,-8.8803
2012-02-28,-40.3846
2012-02-29,-78.4615
2012-03-01,-65.7692
2012-03-02,-84.6154
2012-03-05,-50.7692
2012-03-06,-77.6923
2012-03-07,-64.2308
2012-03-08,-62.3077
2012-03-09,-41.5385
2012-03-12,-36.5385
2012-03-13,-3.0405
2012-03-14,-6.0
2012-03-15,-0.885
2012-03-16,-12.6888
2012-03-19,-4.0698
2012-03-20,-4.9419
2012-03-21,-11.9186
2012-03-22,-20.0581
2012-03-23,-6.9767
2012-03-26,-0.0
2012-03-27,-16.5501
2012-03-28,-16.0839
2012-03-29,-26.1072
2012-03-30,-31.3539
2012-04-02,-14.9644
2012-04-03,-22.0903
2012-04-04,-35.1485
2012-04-05,-42.8571
2012-04-09,-85.489
2012-04-10,-99.4723
2012-04-11,-90.2375
2012-04-12,-63.5884
2012-04-13,-96.3061
2012-04-16,-73.8786
2012-04-17,-45.1187
2012-04-18,-72.0317
2012-04-19,-84.1689
2012-04-20,-94.1953
2012-04-23,-86.1502
2012-04-24,-62.9108
2012-04-25,-54.712
2012-04-26,-42.6702
2012-04-27,-38.4817
2012-04-30,-41.3613
2012-05-01,-10.4683
2012-05-02,-10.7034
2012-05-03,-8.4084
2012-05-04,-18.018
2012-05-07,-2.7397
2012-05-08,-8.4475
2012-05-09,-26.484
2012-05-10,-18.4932
2012-05-11,-22.6027
2012-05-14,-47.032
2012-05-15,-54.3379
2012-05-16,-45.6621
2012-05-17,-62.1005
2012-05-18,-84.0183
2012-05-21,-70.6329
2012-05-22,-74.4304
2012-05-23,-71.8987
2012-05-24,-70.6329
2012-05-25,-84.557
2012-05-29,-70.1266
2012-05-30,-94.0
2012-05-31,-74.942
2012-06-01,-82.8306
2012-06-04,-82.3666
2012-06-05,-79.9043
2012-06-06,-41.7476
2012-06-07,-42.233
2012-06-08,-23.0
2012-06-11,-40.8284
2012-06-12,-11.8343
2012-06-13,-31.6568
2012-06-14,-7.5269
2012-06-15,-0.0
2012-06-18,-9.7902
2012-06-19,-1.0526
2012-06-20,-12.0
2012-06-21,-38.7368
2012-06-22,-24.4211
2012-06-25,-53.8947
2012-06-26,-35.7895
2012-06-27,-22.1053
2012-06-28,-14.6809
2012-06-29,-0.0
2012-07-02,-0.4132
2012-07-03,-2.0121
2012-07-05,-17.1875
2012-07-06,-34.8958
2012-07-09,-12.7604
2012-07-10,-21.6146
2012-07-11,-7.6739
2012-07-12,-21.9144
2012-07-13,-0.2469
2012-07-16,-12.5926
2012-07-17,-0.0
2012-07-18,-7.5356
2012-07-19,-14.664
2012-07-20,-30.9572
2012-07-23,-35.8452
2012-07-24,-33.7423
2012-07-25,-30.1149
2012-07-26,-15.6322
2012-07-27,-5.8462
2012-07-30,-6.3636
2012-07-31,-18.1818
2012-08-01,-24.6988
2012-08-02,-40.9639
2012-08-03,-3.0812
2012-08-06,-22.108
2012-08-07,-34.4473
2012-08-08,-34.9614
2012-08-09,-37.7892
2012-08-10,-31.8766
2012-08-13,-26.2211
2012-08-14,-27.5064
2012-08-15,-33.419
2012-08-16,-20.3085
2012-08-17,-3.599
2012-08-20,-6.6838
2012-08-21,-20.3085
2012-08-22,-8.2262
2012-08-23,-22.108
2012-08-24,-15.9383
2012-08-27,-15.4242
2012-08-28,-28.0206
2012-08-29,-52.518
2012-08-30,-99.5025
2012-08-31,-81.8627
2012-09-04,-85.8586
2012-09-05,-38.3838
2012-09-06,-0.0
2012-09-07,-2.5547
2012-09-10,-16.7192
2012-09-11,-11.9874
2012-09-12,-12.9338
2012-09-13,-0.8639
2012-09-14,-10.076
2012-09-17,-13.4981
2012-09-18,-11.7871
2012-09-19,-5.5028
2012-09-20,-3.0741
2012-09-21,-6.8562
2012-09-24,-21.5719
2012-09-25,-30.602
2012-09-26,-27.0903
2012-09-27,-28.2609
2012-09-28,-29.2642
2012-10-01,-21.7905
2012-10-02,-19.9643
2012-10-03,-9.7665
2012-10-04,-2.8463
2012-10-05,-6.1594
2012-10-08,-10.6884
2012-10-09,-27.1739
2012-10-10,-47.9905
2012-10-11,-61.194
2012-10-12,-74.9254
2012-10-15,-49.2537
2012-10-16,-24.7761
2012-10-17,-7.7612
2012-10-18,-8.8068
2012-10-19,-47.4432
2012-10-22,-68.75
2012-10-23,-96.368
2012-10-24,-96.6102
2012-10-25,-91.3043
2012-10-26,-91.4347
2012-10-31,-96.4211
2012-11-01,-68.4211
2012-11-02,-84.2105
2012-11-05,-73.8657
2012-11-06,-66.0617
2012-11-07,-96.8198
2012-11-08,-98.9097
2012-11-09,-81.2147
2012-11-12,-79.9435
2012-11-13,-71.4689
2012-11-14,-85.452
2012-11-15,-79.5198
2012-11-16,-70.904
2012-11-19,-56.2406
2012-11-20,-46.5455
2012-11-21,-18.7364
2012-11-23,-0.2146
2012-11-26,-4.721
2012-11-27,-15.9046
2012-11-28,-12.1272
2012-11-29,-18.0915
2012-11-30,-15.9046
2012-12-03,-22.4652
2012-12-04,-32.008
2012-12-05,-25.0497
2012-12-06,-27.6342
2012-12-07,-30.8151
2012-12-10,-43.0993
2012-12-11,-38.9831
2012-12-12,-13.7405
2012-12-13,-11.4504
2012-12-14,-16.9847
2012-12-17,-1.5
2012-12-18,-0.6881
2012-12-19,-15.3266
2012-12-20,-3.6082
2012-12-21,-25.7732
2012-12-24,-25.7732
2012-12-26,-40.4639
2012-12-27,-41.4948
2012-12-28,-58.7629
2012-12-31,-29.1237
2013-01-02,-0.0
2013-01-03,-9.7429
2013-01-04,-6.6306
2013-01-07,-12.0433
2013-01-08,-7.1719
2013-01-09,-13.8024
2013-01-10,-0.5806
2013-01-11,-5.4217
2013-01-14,-0.0
2013-01-15,-1.6282
2013-01-16,-6.1058
2013-01-17,-2.7064
2013-01-18,-5.7487
2013-01-22,-0.128
2013-01-23,-0.9467
2013-01-24,-4.3659
2013-01-25,-3.7344
2013-01-28,-6.5353
2013-01-29,-5.2905
2013-01-30,-13.4675
2013-01-31,-16.6329
2013-02-01,-16.6113
2013-02-04,-41.3621
2013-02-05,-18.1063
2013-02-06,-19.5652
2013-02-07,-33.8104
2013-02-08,-36.3071
2013-02-11,-38.7967
2013-02-12,-29.4118
2013-02-13,-23.3032
2013-02-14,-2.1142
2013-02-15,-0.3839
2013-02-19,-0.9677
2013-02-20,-21.1667
2013-02-21,-25.4335
2013-02-22,-5.395
2013-02-25,-60.0
2013-02-26,-57.5439
2013-02-27,-13.8596
2013-02-28,-2.8192
2013-03-01,-4.6901
2013-03-04,-6.3652
2013-03-05,-12.1481
2013-03-06,-4.6852
2013-03-07,-2.4818
2013-03-08,-5.0894
2013-03-11,-1.1204
2013-03-12,-16.4345
2013-03-13,-8.1818
2013-03-14,-4.0562
2013-03-15,-24.3333
2013-03-18,-35.5
2013-03-19,-41.3333
2013-03-20,-31.8333
2013-03-21,-38.1667
2013-03-22,-28.0
2013-03-25,-30.8333
2013-03-26,-7.5838
2013-03-27,-28.6089
2013-03-28,-6.9307
2013-04-01,-25.3769
2013-04-02,-8.5714
2013-04-03,-30.4965
2013-04-04,-10.0939
2013-04-05,-33.0986
2013-04-08,-7.0423
2013-04-09,-10.3286
2013-04-10,-0.789
2013-04-11,-4.4014
2013-04-12,-0.1739
2013-04-15,-47.4715
2013-04-16,-5.3312
2013-04-17,-40.2778
2013-04-18,-77.9514
2013-04-19,-39.6768
2013-04-22,-44.3447
2013-04-23,-16.1034
2013-04-24,-15.2577
2013-04-25,-10.6542
2013-04-26,-17.5701
2013-04-29,-26.729
2013-04-30,-32.1495
2013-05-01,-35.8879
2013-05-02,-13.8318
2013-05-03,-8.6022
2013-05-06,-14.6028
2013-05-07,-15.771
2013-05-08,-3.6215
2013-05-09,-7.8613
2013-05-10,-0.6529
2013-05-13,-6.2176
2013-05-14,-0.5976
2013-05-15,-2.0408
2013-05-16,-14.5602
2013-05-17,-0.8919
2013-05-20,-6.6667
2013-05-21,-10.7323
2013-05-22,-21.4646
2013-05-23,-28.5354
2013-05-24,-34.3434
2013-05-28,-16.0354
2013-05-29,-6.8602
2013-05-30,-1.8265
2013-05-31,-13.7371
2013-06-03,-15.7895
2013-06-04,-26.8251
2013-06-05,-59.253
2013-06-06,-32.2581
2013-06-07,-3.7267
2013-06-10,-12.0815
2013-06-11,-35.9534
2013-06-12,-44.1048
2013-06-13,-14.4105
2013-06-14,-26.492
2013-06-17,-15.4294
2013-06-18,-11.7904
2013-06-19,-31.1499
2013-06-20,-66.5211
2013-06-21,-59.4059
2013-06-24,-81.7054
2013-06-25,-60.6202
2013-06-26,-47.5969
2013-06-27,-46.2016
2013-06-28,-62.9457
2013-07-01,-45.5814
2013-07-02,-53.6434
2013-07-03,-51.938
2013-07-05,-15.814
2013-07-08,-15.0388
2013-07-09,-2.3364
2013-07-10,-16.6667
2013-07-11,-4.9745
2013-07-12,-3.1888
2013-07-15,-3.2746
2013-07-16,-9.2308
2013-07-17,-5.814
2013-07-18,-0.0
2013-07-19,-1.8848
2013-07-22,-3.6847
2013-07-23,-12.9454
2013-07-24,-36.7876
2013-07-25,-28.886
2013-07-26,-25.3886
2013-07-29,-37.3057
2013-07-30,-45.4663
2013-07-31,-44.4301
2013-08-01,-33.1691
2013-08-02,-31.2236
2013-08-05,-22.5738
2013-08-06,-29.3249
2013-08-07,-64.5995
2013-08-08,-43.7995
2013-08-09,-68.3377
2013-08-12,-57.2559
2013-08-13,-53.2982
2013-08-14,-72.0317
2013-08-15,-95.5414
2013-08-16,-81.2
2013-08-19,-97.7778
2013-08-20,-82.7655
2013-08-21,-91.8149
2013-08-22,-78.1139
2013-08-23,-86.6548
2013-08-26,-94.1281
2013-08-27,-95.8386
2013-08-28,-86.4259
2013-08-29,-89.0411
2013-08-30,-94.0618
2013-09-03,-82.4062
2013-09-04,-80.9524
2013-09-05,-78.2913
2013-09-06,-83.7607
2013-09-09,-71.6981
2013-09-10,-58.3454
2013-09-11,-46.1422
2013-09-12,-51.6364
2013-09-13,-43.2596
2013-09-16,-13.6268
2013-09-17,-10.1923
2013-09-18,-5.8268
2013-09-19,-8.5106
2013-09-20,-0.9655
2013-09-23,-32.1379
2013-09-24,-40.2759
2013-09-25,-33.931
2013-09-26,-30.069
2013-09-27,-43.0345
2013-09-30,-61.5172
2013-10-01,-52.8276
2013-10-02,-49.1034
2013-10-03,-63.4483
2013-10-04,-64.7239
2013-10-07,-91.7415
2013-10-08,-98.2143
2013-10-09,-86.9565
2013-10-10,-43.899
2013-10-11,-30.2945
2013-10-14,-27.6297
2013-10-15,-46.8443
2013-10-16,-17.9523
2013-10-17,-14.7265
2013-10-18,-7.958
2013-10-21,-9.1592
2013-10-22,-1.7725
2013-10-23,-17.7253
2013-10-24,-11.3737
2013-10-25,-8.5672
2013-10-28,-9.8966
2013-10-29,-2.9542
2013-10-30,-19.8251
2013-10-31,-38.0466
2013-11-01,-35.4227
2013-11-04,-41.2536
2013-11-05,-48.688
2013-11-06,-60.1293
2013-11-07,-98.977
2013-11-08,-43.3333
2013-11-11,-48.8095
2013-11-12,-83.0952
2013-11-13,-68.8095
2013-11-14,-47.8571
2013-11-15,-33.3333
2013-11-18,-42.8571
2013-11-19,-44.2857
2013-11-20,-66.6667
2013-11-21,-30.4762
2013-11-22,-17.619
2013-11-25,-49.2857
2013-11-26,-26.6667
2013-11-27,-19.5822
2013-11-29,-20.8877
2013-12-02,-52.2193
2013-12-03,-66.3185
2013-12-04,-53.0026
2013-12-05,-61.8799
2013-12-06,-17.4935
2013-12-09,-8.6486
2013-12-10,-50.0
2013-12-11,-79.7297
2013-12-12,-89.0173
2013-12-13,-97.9827
2013-12-16,-92.3483
2013-12-17,-98.7113
2013-12-18,-33.3333
2013-12-19,-27.7778
2013-12-20,-46.9697
2013-12-23,-10.6061
2013-12-24,-0.7576
2013-12-26,-0.0
2013-12-27,-4.4586
2013-12-30,-10.2767
2013-12-31,-1.938
2014-01-02,-22.4806
2014-01-03,-21.124
2014-01-06,-46.124
2014-01-07,-47.8682
2014-01-08,-64.3411
2014-01-09,-64.7287
2014-01-10,-71.5116
2014-01-13,-90.1163
2014-01-14,-71.7054
2014-01-15,-54.4574
2014-01-16,-66.2791
2014-01-17,-70.9486
2014-01-21,-69.3676
2014-01-22,-67.1937
2014-01-23,-96.8105
2014-01-24,-99.2754
2014-01-27,-95.0863
2014-01-28,-88.3134
2014-01-29,-97.878
2014-01-30,-74.5257
2014-01-31,-89.7959
2014-02-03,-98.3974
2014-02-04,-93.6527
2014-02-05,-92.0
2014-02-06,-74.3396
2014-02-07,-43.522
2014-02-10,-43.522
2014-02-11,-30.9434
2014-02-12,-34.8428
2014-02-13,-17.2327
2014-02-14,-12.3235
2014-02-18,-15.1476
2014-02-19,-32.7343
2014-02-20,-29.8592
2014-02-21,-28.7324
2014-02-24,-28.4507
2014-02-25,-18.0282
2014-02-26,-21.4085
2014-02-27,-9.0141
2014-02-28,-2.7919
2014-03-03,-7.9954
2014-03-04,-0.191
2014-03-05,-0.9124
2014-03-06,-1.92
2014-03-07,-2.0309
2014-03-10,-1.7474
2014-03-11,-2.4106
2014-03-12,-0.3098
2014-03-13,-16.8993
2014-03-14,-24.9816
2014-03-17,-18.7362
2014-03-18,-19.324
2014-03-19,-24.1734
2014-03-20,-11.0195
2014-03-21,-5.3223
2014-03-24,-11.919
2014-03-25,-11.2237
2014-03-26,-22.6033
2014-03-27,-20.8547
2014-03-28,-21.5775
2014-03-31,-10.5499
2014-04-01,-13.2561
2014-04-02,-21.1765
2014-04-03,-35.4767
2014-04-04,-49.3857
2014-04-07,-68.5504
2014-04-08,-68.3047
2014-04-09,-46.683
2014-04-10,-89.3827
2014-04-11,-94.3694
2014-04-14,-75.0
2014-04-15,-44.1667
2014-04-16,-0.4057
2014-04-17,-7.8669
2014-04-21,-18.5241
2014-04-22,-8.7349
2014-04-23,-11.0626
2014-04-24,-14.7016
2014-04-25,-10.1892
2014-04-28,-8.4488
2014-04-29,-3.268
2014-04-30,-4.3157
2014-05-01,-2.3284
2014-05-02,-18.9815
2014-05-05,-36.1111
2014-05-06,-58.5648
2014-05-07,-26.3889
2014-05-08,-35.4167
2014-05-09,-27.662
2014-05-12,-28.2407
2014-05-13,-24.1153
2014-05-14,-38.8007
2014-05-15,-59.4356
2014-05-16,-50.6173
2014-05-19,-45.8554
2014-05-20,-64.7266
2014-05-21,-54.1446
2014-05-22,-48.5009
2014-05-23,-51.6755
2014-05-27,-38.9771
2014-05-28,-40.0353
2014-05-29,-28.5714
2014-05-30,-24.515
2014-06-02,-18.5501
2014-06-03,-38.806
2014-06-04,-44.3149
2014-06-05,-17.7994
2014-06-06,-3.2362
2014-06-09,-24.5955
2014-06-10,-16.1812
2014-06-11,-17.1521
2014-06-12,-47.5728
2014-06-13,-68.0
2014-06-16,-80.0
2014-06-17,-83.6923
2014-06-18,-47.7341
2014-06-19,-45.3172
2014-06-20,-60.7251
2014-06-23,-62.8399
2014-06-24,-59.5166
2014-06-25,-48.9426
2014-06-26,-49.8489
2014-06-27,-43.2024
2014-06-30,-65.109
2014-07-01,-43.9252
2014-07-02,-28.6604
2014-07-03,-2.2785
2014-07-07,-17.4684
2014-07-08,-29.6203
2014-07-09,-16.2025
2014-07-10,-23.7975
2014-07-11,-19.2405
2014-07-14,-10.3797
2014-07-15,-22.7848
2014-07-16,-32.4051
2014-07-17,-86.1862
2014-07-18,-33.3333
2014-07-21,-24.3243
2014-07-22,-29.1291
2014-07-23,-37.8378
2014-07-24,-31.2312
2014-07-25,-61.1296
2014-07-28,-33.887
2014-07-29,-67.893
2014-07-30,-55.1839
2014-07-31,-98.5075
2014-08-01,-52.5915
2014-08-04,-4.2408
2014-08-05,-27.907
2014-08-06,-12.5855
2014-08-07,-14.7743
2014-08-08,-0.6075
2014-08-11,-8.4325
2014-08-12,-1.2416
2014-08-13,-3.268
2014-08-14,-0.6319
2014-08-15,-11.1621
2014-08-18,-5.8869
2014-08-19,-7.2353
2014-08-20,-7.1592
2014-08-21,-0.0709
2014-08-22,-7.5887
2014-08-25,-4.1844
2014-08-26,-4.0426
2014-08-27,-2.1277
2014-08-28,-5.0355
2014-08-29,-0.0
2014-09-02,-2.8414
2014-09-03,-7.0064
2014-09-04,-5.9821
2014-09-05,-4.8338
2014-09-08,-7.7889
2014-09-09,-27.7624
2014-09-10,-18.323
2014-09-11,-16.9844
2014-09-12,-31.3692
2014-09-15,-19.3258
2014-09-16,-6.6079
2014-09-17,-9.9476
2014-09-18,-4.441
2014-09-19,-27.4311
2014-09-22,-48.554
2014-09-23,-55.86
2014-09-24,-38.0518
2014-09-25,-81.583
2014-09-26,-58.5404
2014-09-29,-71.4038
2014-09-30,-74.6967
2014-10-01,-93.131
2014-10-02,-76.8371
2014-10-03,-47.1246
2014-10-06,-52.5559
2014-10-07,-91.5335
2014-10-08,-40.0958
2014-10-09,-85.623
2014-10-10,-90.8946
2014-10-13,-96.9649
2014-10-14,-80.8307
2014-10-15,-65.3551
2014-10-16,-74.3762
2014-10-17,-41.8391
2014-10-20,-38.3155
2014-10-21,-17.675
2014-10-22,-33.3333
2014-10-23,-21.1151
2014-10-24,-12.5741
2014-10-27,-11.032
2014-10-28,-0.0
2014-10-29,-7.9769
2014-10-30,-13.1792
2014-10-31,-14.3309
2014-11-03,-7.4816
2014-11-04,-0.5877
2014-11-05,-4.8908
2014-11-06,-1.6594
2014-11-07,-3.1773
2014-11-10,-0.1534
2014-11-11,-5.4173
2014-11-12,-1.685
2014-11-13,-0.0
2014-11-14,-9.5333
2014-11-17,-12.1577
2014-11-18,-7.545
2014-11-19,-10.2343
2014-11-20,-9.3711
2014-11-21,-5.3635
2014-11-24,-1.7321
2014-11-25,-2.1622
2014-11-26,-1.2565
2014-11-28,-7.8973
2014-12-01,-13.667
2014-12-02,-1.4254
2014-12-03,-8.7963
2014-12-04,-5.3269
2014-12-05,-0.0
2014-12-08,-10.9529
2014-12-09,-30.0971
2014-12-10,-46.8447
2014-12-11,-34.1019
2014-12-12,-78.6408
2014-12-15,-82.767
2014-12-16,-93.5287
2014-12-17,-54.823
2014-12-18,-3.2967
2014-12-19,-16.8498
2014-12-22,-12.6984
2014-12-23,-14.5299
2014-12-24,-17.094
2014-12-26,-19.4139
2014-12-29,-10.8669
2014-12-30,-10.3785
2014-12-31,-34.0659
2015-01-02,-46.0317
2015-01-05,-72.5275
2015-01-06,-74.4811
2015-01-07,-48.3104
2015-01-08,-17.1464
2015-01-09,-40.9262
2015-01-12,-55.8198
2015-01-13,-51.4393
2015-01-14,-63.5659
2015-01-15,-71.5673
2015-01-16,-53.2428
2015-01-20,-61.7602
2015-01-21,-83.7633
2015-01-22,-38.695
2015-01-23,-54.1159
2015-01-26,-45.2744
2015-01-27,-76.5244
2015-01-28,-99.8734
2015-01-29,-75.772
2015-01-30,-99.7436
2015-02-02,-59.118
2015-02-03,-40.5244
2015-02-04,-49.5828
2015-02-05,-24.0763
2015-02-06,-17.9976
2015-02-09,-30.012
2015-02-10,-20.5282
2015-02-11,-23.4094
2015-02-12,-22.0888
2015-02-13,-39.4958
2015-02-17,-29.5318
2015-02-18,-35.5342
2015-02-19,-49.8199
2015-02-20,-34.934
2015-02-23,-51.1405
2015-02-24,-32.1729
2015-02-25,-34.2137
2015-02-26,-39.4958
2015-02-27,-50.6603
2015-03-02,-54.6218
2015-03-03,-86.758
2015-03-04,-88.7566
2015-03-05,-73.6772
2015-03-06,-83.9947
2015-03-09,-68.0124
2015-03-10,-99.8636
2015-03-11,-96.4039
2015-03-12,-65.5602
2015-03-13,-87.6947
2015-03-16,-54.9114
2015-03-17,-74.7182
2015-03-18,-54.5894
2015-03-19,-72.6248
2015-03-20,-62.1578
2015-03-23,-61.6747
2015-03-24,-82.1256
2015-03-25,-93.437
2015-03-26,-90.8935
2015-03-27,-74.635
2015-03-30,-30.1205
2015-03-31,-63.4538
2015-04-01,-80.9237
2015-04-02,-78.7149
2015-04-06,-68.8889
2015-04-07,-86.1728
2015-04-08,-80.7407
2015-04-09,-71.6049
2015-04-10,-75.3086
2015-04-13,-76.2963
2015-04-14,-85.7788
2015-04-15,-86.6817
2015-04-16,-91.2854
2015-04-17,-93.7919
2015-04-20,-70.4698
2015-04-21,-86.0104
2015-04-22,-71.3299
2015-04-23,-63.7306
2015-04-24,-69.6028
2015-04-27,-86.8739
2015-04-28,-59.7426
2015-04-29,-51.6279
2015-04-30,-78.6408
2015-05-01,-26.4563
2015-05-04,-3.0
2015-05-05,-30.5419
2015-05-06,-43.3498
2015-05-07,-18.2266
2015-05-08,-1.3597
2015-05-11,-29.1262
2015-05-12,-45.8738
2015-05-13,-52.3058
2015-05-14,-33.8592
2015-05-15,-41.4787
2015-05-18,-34.3358
2015-05-19,-25.4386
2015-05-20,-32.9574
2015-05-21,-41.3534
2015-05-22,-49.7494
2015-05-26,-61.9048
2015-05-27,-50.0
2015-05-28,-50.1309
2015-05-29,-82.1534
2015-06-01,-92.7176
2015-06-02,-88.0763
2015-06-03,-85.5326
2015-06-04,-98.0926
2015-06-05,-97.0186
2015-06-08,-100.0
2015-06-09,-93.7659
2015-06-10,-78.117
2015-06-11,-71.7557
2015-06-12,-85.369
2015-06-15,-92.4574
2015-06-16,-88.6861
2015-06-17,-84.4648
2015-06-18,-45.5944
2015-06-19,-66.4099
2015-06-22,-56.8289
2015-06-23,-59.9686
2015-06-24,-79.2722
2015-06-25,-89.211
2015-06-26,-81.0964
2015-06-29,-98.7688
2015-06-30,-99.6078
2015-07-01,-79.0698
2015-07-02,-80.9593
2015-07-06,-87.7168
2015-07-07,-65.3179
2015-07-08,-87.5723
2015-07-09,-68.0636
2015-07-10,-46.6763
2015-07-13,-22.6879
2015-07-14,-26.5896
2015-07-15,-5.0578
2015-07-16,-0.0
2015-07-17,-1.5075
2015-07-20,-2.0809
2015-07-21,-12.6012
2015-07-22,-13.526
2015-07-23,-29.0173
2015-07-24,-39.7688
2015-07-27,-45.896
2015-07-28,-16.9942
2015-07-29,-20.4624
2015-07-30,-21.2717
2015-07-31,-22.5434
2015-08-03,-27.2832
2015-08-04,-25.3149
2015-08-05,-17.6296
2015-08-06,-23.3857
2015-08-07,-26.6979
2015-08-10,-29.7424
2015-08-11,-44.2623
2015-08-12,-72.3653
2015-08-13,-64.1686
2015-08-14,-49.6487
2015-08-17,-54.5455
2015-08-18,-73.743
2015-08-19,-83.0189
2015-08-20,-99.2908
2015-08-21,-99.3896
2015-08-24,-77.9881
2015-08-25,-87.8853
2015-08-26,-61.5468
2015-08-27,-41.9686
2015-08-28,-44.6187
2015-08-31,-53.8129
2015-09-01,-73.4451
2015-09-02,-63.3588
2015-09-03,-63.4615
2015-09-04,-77.1018
2015-09-08,-57.8828
2015-09-09,-70.4928
2015-09-10,-70.087
2015-09-11,-65.971
2015-09-14,-68.1604
2015-09-15,-59.7619
2015-09-16,-56.3233
2015-09-17,-58.8276
2015-09-18,-71.2
2015-09-21,-49.3062
2015-09-22,-79.209
2015-09-23,-89.375
2015-09-24,-87.3832
2015-09-25,-77.0906
2015-09-28,-88.7742
2015-09-29,-83.691
2015-09-30,-60.9442
2015-10-01,-68.3834
2015-10-02,-67.0833
2015-10-05,-31.6667
2015-10-06,-48.1944
2015-10-07,-14.9837
2015-10-08,-3.8226
2015-10-09,-19.5087
2015-10-12,-14.1618
2015-10-13,-31.6474
2015-10-14,-46.2428
2015-10-15,-8.3815
2015-10-16,-15.7825
2015-10-19,-18.3024
2015-10-20,-11.1406
2015-10-21,-27.5472
2015-10-22,-4.0039
2015-10-23,-2.0873
2015-10-26,-9.4877
2015-10-27,-22.4858
2015-10-28,-2.2831
2015-10-29,-5.5254
2015-10-30,-30.5419
2015-11-02,-2.8646
2015-11-03,-8.9828
2015-11-04,-15.7199
2015-11-05,-27.0806
2015-11-06,-30.251
2015-11-09,-61.0304
2015-11-10,-51.3871
2015-11-11,-51.768
2015-11-12,-99.8291
2015-11-13,-96.8023
2015-11-16,-74.4056
2015-11-17,-77.3427
2015-11-18,-33.5664
2015-11-19,-27.8322
2015-11-20,-27.8322
2015-11-23,-36.7832
2015-11-24,-43.0769
2015-11-25,-48.8112
2015-11-27,-55.8042
2015-11-30,-63.3566
2015-12-01,-29.2429
2015-12-02,-42.5113
2015-12-03,-81.8598
2015-12-04,-15.7983
2015-12-07,-30.5882
2015-12-08,-68.2353
2015-12-09,-91.8006
2015-12-10,-91.6533
2015-12-11,-90.458
2015-12-14,-68.7023
2015-12-15,-32.3155
2015-12-16,-19.5929
2015-12-17,-43.8931
2015-12-18,-100.0
2015-12-21,-77.1034
2015-12-22,-49.9307
2015-12-23,-35.9223
2015-12-24,-39.5284
2015-12-28,-50.208
2015-12-29,-36.061
2015-12-30,-48.2663
2015-12-31,-64.0916
2016-01-04,-74.3557
2016-01-05,-67.6203
2016-01-06,-65.2703
2016-01-07,-90.2703
2016-01-08,-98.4287
2016-01-11,-85.5263
2016-01-12,-80.7018
2016-01-13,-94.8325
2016-01-14,-77.4163
2016-01-15,-86.0086
2016-01-19,-67.6295
2016-01-20,-92.4833
2016-01-21,-84.9667
2016-01-22,-71.4558
2016-01-25,-97.8404
2016-01-26,-81.3146
2016-01-27,-87.8873
2016-01-28,-79.3542
2016-01-29,-38.0148
2016-02-01,-39.4402
2016-02-02,-77.0992
2016-02-03,-67.2351
2016-02-04,-44.3491
2016-02-05,-56.0584
2016-02-08,-48.0707
2016-02-09,-32.9582
2016-02-10,-51.2862
2016-02-11,-75.2412
2016-02-12,-27.3312
2016-02-16,-19.4534
2016-02-17,-2.6125
2016-02-18,-16.9318
2016-02-19,-14.7727
2016-02-22,-9.4421
2016-02-23,-22.8541
2016-02-24,-19.7425
2016-02-25,-6.0086
2016-02-26,-14.0657
2016-02-29,-8.1315
2016-03-01,-0.0
2016-03-02,-3.0882
2016-03-03,-3.0303
2016-03-04,-0.6419
2016-03-07,-0.4746
2016-03-08,-6.7119
2016-03-09,-0.1324
2016-03-10,-7.1929
2016-03-11,-0.7478
2016-03-14,-11.4068
2016-03-15,-6.6451
2016-03-16,-11.2642
2016-03-17,-1.3139
2016-03-18,-5.6818
2016-03-21,-5.8949
2016-03-22,-5.7406
2016-03-23,-16.1496
2016-03-24,-25.6684
2016-03-28,-16.9154
2016-03-29,-12.5721
2016-03-30,-12.3847
2016-03-31,-20.9078
2016-04-01,-3.4529
2016-04-04,-12.5378
2016-04-05,-43.4451
2016-04-06,-37.6603
2016-04-07,-51.9231
2016-04-08,-59.3254
2016-04-11,-60.7143
2016-04-12,-32.7381
2016-04-13,-2.1598
2016-04-14,-13.1524
2016-04-15,-18.7891
2016-04-18,-2.0126
2016-04-19,-6.305
2016-04-20,-5.0872
2016-04-21,-22.9651
2016-04-22,-5.3485
2016-04-25,-4.2139
2016-04-26,-2.0319
2016-04-27,-5.5412
2016-04-28,-25.2577
2016-04-29,-32.8608
2016-05-02,-14.6907
2016-05-03,-41.2371
2016-05-04,-48.8402
2016-05-05,-56.4626
2016-05-06,-48.232
2016-05-09,-72.6241
2016-05-10,-53.1915
2016-05-11,-84.4517
2016-05-12,-77.2504
2016-05-13,-96.087
2016-05-16,-89.5652
2016-05-17,-94.5996
2016-05-18,-80.6987
2016-05-19,-86.7066
2016-05-20,-74.2515
2016-05-23,-78.4431
2016-05-24,-51.7365
2016-05-25,-43.4447
2016-05-26,-54.8251
2016-05-27,-50.8036
2016-05-31,-86.5835
2016-06-01,-56.4143
2016-06-02,-54.1501
2016-06-03,-72.4523
2016-06-06,-59.6219
2016-06-07,-67.3579
2016-06-08,-46.2254
2016-06-09,-51.5209
2016-06-10,-60.4563
2016-06-13,-76.0456
2016-06-14,-69.2015
2016-06-15,-85.3612
2016-06-16,-49.3311
2016-06-17,-70.4013
2016-06-20,-54.6823
2016-06-21,-23.5786
2016-06-22,-16.7224
2016-06-23,-0.2841
2016-06-24,-89.3466
2016-06-27,-80.2139
2016-06-28,-61.1765
2016-06-29,-41.4973
2016-06-30,-12.9412
2016-07-01,-21.8182
2016-07-05,-40.3209
2016-07-06,-37.3262
2016-07-07,-43.7433
2016-07-08,-25.1337
2016-07-11,-22.139
2016-07-12,-14.2246
2016-07-13,-0.7487
2016-07-14,-9.2907
2016-07-15,-6.8931
2016-07-18,-1.3917
2016-07-19,-0.677
2016-07-20,-7.9304
2016-07-21,-25.5319
2016-07-22,-23.1141
2016-07-25,-27.5629
2016-07-26,-30.4598
2016-07-27,-39.548
2016-07-28,-42.5497
2016-07-29,-45.0331
2016-08-01,-50.6623
2016-08-02,-60.9272
2016-08-03,-57.931
2016-08-04,-90.6535
2016-08-05,-32.8834
2016-08-08,-35.092
2016-08-09,-5.0507
2016-08-10,-16.7402
2016-08-11,-4.7384
2016-08-12,-5.1333
2016-08-15,-3.9487
2016-08-16,-14.6101
2016-08-17,-3.8971
2016-08-18,-8.5337
2016-08-19,-9.4647
2016-08-22,-14.1195
2016-08-23,-9.1544
2016-08-24,-14.7401
2016-08-25,-11.1715
2016-08-26,-22.4981
2016-08-29,-5.5473
2016-08-30,-0.1365
2016-08-31,-5.1346
2016-09-01,-9.1808
2016-09-02,-4.8387
2016-09-06,-11.0714
2016-09-07,-29.878
2016-09-08,-27.5488
2016-09-09,-98.6637
2016-09-12,-40.7204
2016-09-13,-87.6364
2016-09-14,-92.1329
2016-09-15,-76.7483
2016-09-16,-94.8195
2016-09-19,-91.2088
2016-09-20,-96.2323
2016-09-21,-72.0565
2016-09-22,-70.9576
2016-09-23,-94.9765
2016-09-26,-97.4468
2016-09-27,-80.9929
2016-09-28,-81.844
2016-09-29,-97.0091
2016-09-30,-85.5657
2016-10-03,-92.9215
2016-10-04,-95.1886
2016-10-05,-81.5068
2016-10-06,-84.2415
2016-10-07,-73.8998
2016-10-10,-54.9719
2016-10-11,-73.1935
2016-10-12,-50.8159
2016-10-13,-74.8549
2016-10-14,-56.2863
2016-10-17,-63.6364
2016-10-18,-53.9652
2016-10-19,-43.1335
2016-10-20,-43.7637
2016-10-21,-55.6728
2016-10-24,-49.6042
2016-10-25,-60.4222
2016-10-26,-46.7018
2016-10-27,-33.2454
2016-10-28,-45.1187
2016-10-31,-37.2032
2016-11-01,-54.8813
2016-11-02,-66.4908
2016-11-03,-54.6174
2016-11-04,-72.8232
2016-11-07,-4.9524
2016-11-08,-5.627
2016-11-09,-3.7037
2016-11-10,-3.8765
2016-11-11,-2.4109
2016-11-14,-1.4546
2016-11-15,-4.4269
2016-11-16,-6.8301
2016-11-17,-1.5345
2016-11-18,-5.4627
2016-11-21,-0.0
2016-11-22,-2.5683
2016-11-23,-5.8534
2016-11-25,-5.4353
2016-11-28,-12.6625
2016-11-29,-8.4217
2016-11-30,-9.8552
2016-12-01,-0.6707
2016-12-02,-4.7506
2016-12-05,-2.8694
2016-12-06,-1.2766
2016-12-07,-0.0
2016-12-08,-12.9107
2016-12-09,-10.1151
2016-12-12,-4.8964
2016-12-13,-3.3728
2016-12-14,-19.5013
2016-12-15,-13.8813
2016-12-16,-23.8734
2016-12-19,-18.2167
2016-12-20,-8.5331
2016-12-21,-12.464
2016-12-22,-11.697
2016-12-23,-18.5043
2016-12-27,-22.0518
2016-12-28,-35.6053
2016-12-29,-43.1211
2016-12-30,-49.9415
2017-01-03,-42.8571
2017-01-04,-43.2977
2017-01-05,-67.5214
2017-01-06,-75.7396
2017-01-09,-100.0
2017-01-10,-98.9726
2017-01-11,-80.7074
2017-01-12,-84.3931
2017-01-13,-76.5321
2017-01-17,-95.3867
2017-01-18,-83.8535
2017-01-19,-96.0317
2017-01-20,-85.4497
2017-01-23,-97.4457
2017-01-24,-73.0524
2017-01-25,-21.7753
2017-01-26,-10.2418
2017-01-27,-13.4516
2017-01-30,-7.4725
2017-01-31,-17.3381
2017-02-01,-25.2605
2017-02-02,-34.3787
2017-02-03,-20.3277
2017-02-06,-28.1006
2017-02-07,-35.425
2017-02-08,-36.3219
2017-02-09,-18.8329
2017-02-10,-19.2813
2017-02-13,-5.1114
2017-02-14,-0.5959
2017-02-15,-0.6873
2017-02-16,-0.6529
2017-02-17,-1.2884
2017-02-21,-6.7096
2017-02-22,-1.083
2017-02-23,-0.1248
2017-02-24,-0.6769
2017-02-27,-6.2983
2017-02-28,-7.7612
2017-03-01,-0.8519
2017-03-02,-12.5398
2017-03-03,-13.8765
2017-03-06,-15.6588
2017-03-07,-16.2954
2017-03-08,-18.3959
2017-03-09,-16.5559
2017-03-10,-20.1964
2017-03-13,-18.4054
2017-03-14,-24.6651
2017-03-15,-27.1259
2017-03-16,-32.1429
2017-03-17,-45.2018
2017-03-20,-60.7389
2017-03-21,-88.0138
2017-03-22,-86.9919
2017-03-23,-80.9959
2017-03-24,-93.4959
2017-03-27,-86.4013
2017-03-28,-79.1874
2017-03-29,-93.4494
2017-03-30,-85.3659
2017-03-31,-91.4894
2017-04-03,-85.6747
2017-04-04,-85.7671
2017-04-05,-95.2865
2017-04-06,-86.9604
2017-04-07,-89.1304
2017-04-10,-87.2238
2017-04-11,-91.966
2017-04-12,-95.8217
2017-04-13,-99.7278
2017-04-17,-83.5262
2017-04-18,-89.5599
2017-04-19,-94.7137
2017-04-20,-70.2643
2017-04-21,-86.1689
2017-04-24,-44.7252
2017-04-25,-17.0878
2017-04-26,-19.7901
2017-04-27,-35.982
2017-04-28,-56.072
2017-05-01,-52.6237
2017-05-02,-43.4783
2017-05-03,-33.2834
2017-05-04,-39.1304
2017-05-05,-35.982
2017-05-08,-58.9205
2017-05-09,-82.3088
2017-05-10,-78.4108
2017-05-11,-85.1574
2017-05-12,-84.4078
2017-05-15,-77.2114
2017-05-16,-80.06
2017-05-17,-98.9704
2017-05-18,-91.3965
2017-05-19,-71.197
2017-05-22,-47.6309
2017-05-23,-43.2668
2017-05-24,-43.7412
2017-05-25,-38.5373
2017-05-26,-33.052
2017-05-30,-41.2096
2017-05-31,-38.8186
2017-06-01,-19.4093
2017-06-02,-13.6876
2017-06-05,-9.8925
2017-06-06,-16.1791
2017-06-07,-10.2149
2017-06-08,-14.2653
2017-06-09,-1.5201
2017-06-12,-1.5432
2017-06-13,-3.214
2017-06-14,-3.3976
2017-06-15,-11.6621
2017-06-16,-13.0859
2017-06-19,-4.9938
2017-06-20,-17.8344
2017-06-21,-29.6815
2017-06-22,-46.242
2017-06-23,-60.2548
2017-06-26,-56.8153
2017-06-27,-58.5987
2017-06-28,-28.6111
2017-06-29,-43.4426
2017-06-30,-42.4342
2017-07-03,-13.1772
2017-07-05,-12.4451
2017-07-06,-38.6399
2017-07-07,-25.7426
2017-07-10,-40.429
2017-07-11,-57.0957
2017-07-12,-45.8746
2017-07-13,-49.67
2017-07-14,-53.3003
2017-07-17,-41.9142
2017-07-18,-39.4389
2017-07-19,-24.7525
2017-07-20,-22.6073
2017-07-21,-22.4422
2017-07-24,-22.4662
2017-07-25,-6.525
2017-07-26,-13.073
2017-07-27,-12.7807
2017-07-28,-5.3628
2017-07-31,-8.2895
2017-08-01,-1.074
2017-08-02,-0.7056
2017-08-03,-0.0909
2017-08-04,-0.5838
2017-08-07,-16.2636
2017-08-08,-31.0375
2017-08-09,-16.8265
2017-08-10,-31.6478
2017-08-11,-42.1196
2017-08-14,-25.8869
2017-08-15,-26.1411
2017-08-16,-15.5413
2017-08-17,-30.3323
2017-08-18,-27.2422
2017-08-21,-20.9924
2017-08-22,-1.8868
2017-08-23,-7.4292
2017-08-24,-25.7075
2017-08-25,-15.7566
2017-08-28,-32.931
2017-08-29,-35.7914
2017-08-30,-11.3712
2017-08-31,-10.4106
2017-09-01,-17.9191
2017-09-05,-72.1098
2017-09-06,-74.8555
2017-09-07,-85.2564
2017-09-08,-69.1239
2017-09-11,-43.8034
2017-09-12,-35.6838
2017-09-13,-32.5855
2017-09-14,-36.3248
2017-09-15,-22.2222
2017-09-18,-5.3419
2017-09-19,-0.0
2017-09-20,-0.9717
2017-09-21,-6.8021
2017-09-22,-18.2862
2017-09-25,-12.4558
2017-09-26,-18.2862
2017-09-27,-6.4091
2017-09-28,-6.9359
2017-09-29,-5.9701
2017-10-02,-0.4666
2017-10-03,-6.0432
2017-10-04,-5.9744
2017-10-05,-6.358
2017-10-06,-5.6956
2017-10-09,-5.1774
2017-10-10,-1.8886
2017-10-11,-7.5356
2017-10-12,-20.2343
2017-10-13,-10.4666
2017-10-16,-8.4399
2017-10-17,-15.7289
2017-10-18,-9.8465
2017-10-19,-18.0307
2017-10-20,-0.0
2017-10-23,-4.1353
2017-10-24,-10.8959
2017-10-25,-22.7603
2017-10-26,-25.0605
2017-10-27,-26.9681
2017-10-30,-46.5461
2017-10-31,-72.3404
2017-11-01,-71.9262
2017-11-02,-43.215
2017-11-03,-71.19
2017-11-06,-74.3494
2017-11-07,-81.4126
2017-11-08,-96.0506
2017-11-09,-69.3946
2017-11-10,-78.4753
2017-11-13,-70.4036
2017-11-14,-82.287
2017-11-15,-95.685
2017-11-16,-93.096
2017-11-17,-94.499
2017-11-20,-88.3789
2017-11-21,-71.3389
2017-11-22,-77.6371
2017-11-24,-76.9784
2017-11-27,-63.4293
2017-11-28,-14.8681
2017-11-29,-18.5986
2017-11-30,-5.9835
2017-12-01,-2.9553
2017-12-04,-13.2353
2017-12-05,-17.9097
2017-12-06,-18.2248
2017-12-07,-16.4916
2017-12-08,-15.9664
2017-12-11,-14.6008
2017-12-12,-4.3634
2017-12-13,-12.9363
2017-12-14,-16.7351
2017-12-15,-10.9856
2017-12-18,-4.6418
2017-12-19,-13.6388
2017-12-20,-14.6013
2017-12-21,-8.8198
2017-12-22,-14.262
2017-12-26,-17.7791
2017-12-27,-13.9985
2017-12-28,-8.7199
2017-12-29,-21.1503
