date,CCI
2010-01-04,25.0894
2010-01-05,20.9801
2010-01-06,17.1735
2010-01-07,120.4311
2010-01-08,137.7805
2010-01-11,87.5228
2010-01-12,122.4866
2010-01-13,130.4829
2010-01-14,178.818
2010-01-15,158.3645
2010-01-19,177.4274
2010-01-20,173.6505
2010-01-21,109.9467
2010-01-22,-153.5338
2010-01-25,-240.3294
2010-01-26,-212.4073
2010-01-27,-179.584
2010-01-28,-213.7088
2010-01-29,-175.7246
2010-02-01,-149.1361
2010-02-02,-99.9809
2010-02-03,-118.5063
2010-02-04,-144.5699
2010-02-05,-155.8866
2010-02-08,-159.5852
2010-02-09,-131.8586
2010-02-10,-115.6858
2010-02-11,-88.2024
2010-02-12,-80.435
2010-02-16,-31.0409
2010-02-17,-35.4301
2010-02-18,-37.6137
2010-02-19,-39.996
2010-02-22,-36.3932
2010-02-23,-67.0731
2010-02-24,-54.4219
2010-02-25,-78.0584
2010-02-26,-61.1513
2010-03-01,-58.8448
2010-03-02,-41.0102
2010-03-03,-39.6044
2010-03-04,-28.2545
2010-03-05,24.5122
2010-03-08,29.5376
2010-03-09,22.985
2010-03-10,26.4796
2010-03-11,43.8053
2010-03-12,95.0941
2010-03-15,94.1156
2010-03-16,115.2229
2010-03-17,137.8224
2010-03-18,138.3759
2010-03-19,132.3445
2010-03-22,131.183
2010-03-23,148.825
2010-03-24,135.1412
2010-03-25,154.9858
2010-03-26,123.5865
2010-03-29,107.6978
2010-03-30,110.0241
2010-03-31,100.2809
2010-04-01,116.2319
2010-04-05,145.544
2010-04-06,161.4935
2010-04-07,140.5876
2010-04-08,161.0412
2010-04-09,180.8748
2010-04-12,192.411
2010-04-13,199.8127
2010-04-14,237.7509
2010-04-15,229.3881
2010-04-16,167.8255
2010-04-19,158.4357
2010-04-20,164.9246
2010-04-21,149.6756
2010-04-22,149.4325
2010-04-23,191.8916
2010-04-26,149.0687
2010-04-27,111.7137
2010-04-28,96.5423
2010-04-29,124.7005
2010-04-30,100.622
2010-05-03,101.0983
2010-05-04,73.1002
2010-05-05,37.63
2010-05-06,-28.5276
2010-05-07,-67.8123
2010-05-10,-20.7753
2010-05-11,-11.2825
2010-05-12,0.2383
2010-05-13,-22.3986
2010-05-14,-96.9397
2010-05-17,-98.0436
2010-05-18,-118.2546
2010-05-19,-124.0289
2010-05-20,-144.6905
2010-05-21,-143.6917
2010-05-24,-131.7248
2010-05-25,-149.2414
2010-05-26,-141.2408
2010-05-27,-101.0393
2010-05-28,-95.0219
2010-06-01,-104.6024
2010-06-02,-79.113
2010-06-03,-66.8154
2010-06-04,-107.527
2010-06-07,-115.9314
2010-06-08,-110.6665
2010-06-09,-95.5728
2010-06-10,-66.268
2010-06-11,-57.0683
2010-06-14,-48.7383
2010-06-15,-24.2064
2010-06-16,-1.4203
2010-06-17,2.6744
2010-06-18,3.2314
2010-06-21,24.7699
2010-06-22,19.4185
2010-06-23,14.1156
2010-06-24,2.5395
2010-06-25,31.7224
2010-06-28,43.5392
2010-06-29,-22.4338
2010-06-30,-40.7198
2010-07-01,-67.8551
2010-07-02,-60.9537
2010-07-06,-57.3303
2010-07-07,-1.5315
2010-07-08,80.663
2010-07-09,112.633
2010-07-12,132.675
2010-07-13,188.5478
2010-07-14,160.7523
2010-07-15,126.7932
2010-07-16,59.7629
2010-07-19,27.3128
2010-07-20,43.0181
2010-07-21,36.9857
2010-07-22,92.1777
2010-07-23,147.3743
2010-07-26,189.7745
2010-07-27,160.3333
2010-07-28,141.0756
2010-07-29,130.4867
2010-07-30,119.3791
2010-08-02,138.3067
2010-08-03,120.6835
2010-08-04,97.1123
2010-08-05,52.9413
2010-08-06,39.7928
2010-08-09,63.4639
2010-08-10,63.647
2010-08-11,24.5655
2010-08-12,-10.9273
2010-08-13,-34.5958
2010-08-16,-50.7339
2010-08-17,-41.5016
2010-08-18,-48.8182
2010-08-19,-68.6256
2010-08-20,-90.9713
2010-08-23,-95.3713
2010-08-24,-126.442
2010-08-25,-122.4726
2010-08-26,-111.9284
2010-08-27,-87.7033
2010-08-30,-100.829
2010-08-31,-116.8332
2010-09-01,-71.1942
2010-09-02,-76.7437
2010-09-03,-35.3725
2010-09-07,-79.064
2010-09-08,-91.7784
2010-09-09,-69.2081
2010-09-10,-79.2187
2010-09-13,-42.9154
2010-09-14,-64.7055
2010-09-15,-63.8168
2010-09-16,-47.4797
2010-09-17,-34.1574
2010-09-20,31.3002
2010-09-21,48.3422
2010-09-22,41.2887
2010-09-23,37.3713
2010-09-24,66.0281
2010-09-27,85.6704
2010-09-28,100.5861
2010-09-29,90.9965
2010-09-30,53.8861
2010-10-01,24.7599
2010-10-04,-100.285
2010-10-05,-184.0172
2010-10-06,-182.6879
2010-10-07,-188.971
2010-10-08,-177.1094
2010-10-11,-156.0232
2010-10-12,-130.6014
2010-10-13,-78.2926
2010-10-14,-71.3602
2010-10-15,-70.6333
2010-10-18,-68.0619
2010-10-19,-49.6891
2010-10-20,-46.3568
2010-10-21,-26.2175
2010-10-22,-56.0679
2010-10-25,-63.9547
2010-10-26,-35.5355
2010-10-27,-9.2279
2010-10-28,33.9214
2010-10-29,35.9431
2010-11-01,53.1116
2010-11-02,80.5053
2010-11-03,64.8823
2010-11-04,116.4423
2010-11-05,136.5872
2010-11-08,118.702
2010-11-09,102.8395
2010-11-10,92.8055
2010-11-11,83.5147
2010-11-12,61.924
2010-11-15,65.1938
2010-11-16,33.9784
2010-11-17,20.8167
2010-11-18,43.3211
2010-11-19,55.0393
2010-11-22,47.9054
2010-11-23,36.1319
2010-11-24,72.0514
2010-11-26,55.9789
2010-11-29,73.6753
2010-11-30,77.8403
2010-12-01,115.6777
2010-12-02,134.4944
2010-12-03,130.5512
2010-12-06,130.9639
2010-12-07,135.0079
2010-12-08,143.4945
2010-12-09,150.3003
2010-12-10,161.1728
2010-12-13,164.9713
2010-12-14,153.7008
2010-12-15,140.6888
2010-12-16,90.6139
2010-12-17,46.8366
2010-12-20,-18.6519
2010-12-21,-11.0056
2010-12-22,-26.3291
2010-12-23,-33.2575
2010-12-27,-32.5508
2010-12-28,-44.4142
2010-12-29,-46.8493
2010-12-30,-60.973
2010-12-31,-52.6598
2011-01-03,-16.0821
2011-01-04,12.7286
2011-01-05,60.8033
2011-01-06,69.6915
2011-01-07,40.063
2011-01-10,34.4002
2011-01-11,70.763
2011-01-12,73.0535
2011-01-13,61.5594
2011-01-14,103.676
2011-01-18,119.7797
2011-01-19,58.4304
2011-01-20,53.634
2011-01-21,91.0149
2011-01-24,83.5489
2011-01-25,14.0671
2011-01-26,3.0333
2011-01-27,-11.1643
2011-01-28,-44.6962
2011-01-31,-64.0955
2011-02-01,-64.6125
2011-02-02,-53.2708
2011-02-03,-64.7362
2011-02-04,-51.7943
2011-02-07,13.0388
2011-02-08,74.4097
2011-02-09,88.5452
2011-02-10,124.4536
2011-02-11,151.9917
2011-02-14,143.1284
2011-02-15,118.0307
2011-02-16,134.1058
2011-02-17,89.6894
2011-02-18,49.1572
2011-02-22,-15.9483
2011-02-23,-74.8345
2011-02-24,-87.456
2011-02-25,-93.667
2011-02-28,-87.2992
2011-03-01,-105.2306
2011-03-02,-128.4964
2011-03-03,-56.2841
2011-03-04,-67.0486
2011-03-07,-59.2017
2011-03-08,7.9225
2011-03-09,15.4048
2011-03-10,-44.199
2011-03-11,-46.769
2011-03-14,-65.5388
2011-03-15,-88.7073
2011-03-16,-128.3811
2011-03-17,-89.136
2011-03-18,-26.9948
2011-03-21,-1.9469
2011-03-22,16.0386
2011-03-23,33.7376
2011-03-24,64.966
2011-03-25,71.2055
2011-03-28,89.7109
2011-03-29,76.8694
2011-03-30,93.1983
2011-03-31,53.2843
2011-04-01,50.6327
2011-04-04,44.8012
2011-04-05,41.4592
2011-04-06,87.3986
2011-04-07,86.4649
2011-04-08,96.8098
2011-04-11,116.5381
2011-04-12,88.9895
2011-04-13,95.059
2011-04-14,76.8973
2011-04-15,99.9072
2011-04-18,73.3052
2011-04-19,107.3917
2011-04-20,143.0507
2011-04-21,111.2477
2011-04-25,137.9456
2011-04-26,122.396
2011-04-27,142.2845
2011-04-28,181.4849
2011-04-29,212.6558
2011-05-02,239.5117
2011-05-03,234.2957
2011-05-04,204.3546
2011-05-05,180.7461
2011-05-06,192.2665
2011-05-09,175.1447
2011-05-10,160.7792
2011-05-11,137.7063
2011-05-12,112.3723
2011-05-13,108.0683
2011-05-16,114.5371
2011-05-17,124.5015
2011-05-18,132.3445
2011-05-19,147.0501
2011-05-20,129.3366
2011-05-23,105.963
2011-05-24,95.6276
2011-05-25,74.0439
2011-05-26,79.4399
2011-05-27,90.3822
2011-05-31,100.9715
2011-06-01,60.4298
2011-06-02,45.1453
2011-06-03,19.6099
2011-06-06,-4.2672
2011-06-07,-1.5698
2011-06-08,-27.892
2011-06-09,-33.2351
2011-06-10,-66.8973
2011-06-13,-59.3331
2011-06-14,-44.7947
2011-06-15,-107.3036
2011-06-16,-81.2999
2011-06-17,-56.6729
2011-06-20,-41.2548
2011-06-21,-12.0248
2011-06-22,10.3168
2011-06-23,-41.3847
2011-06-24,-73.6376
2011-06-27,-31.0292
2011-06-28,8.6878
2011-06-29,59.8785
2011-06-30,114.5336
2011-07-01,166.7348
2011-07-05,170.9854
2011-07-06,163.4031
2011-07-07,199.342
2011-07-08,157.3896
2011-07-11,121.4022
2011-07-12,127.6464
2011-07-13,101.0588
2011-07-14,68.5865
2011-07-15,63.8487
2011-07-18,43.3058
2011-07-19,74.8425
2011-07-20,83.9201
2011-07-21,99.893
2011-07-22,87.6312
2011-07-25,59.6358
2011-07-26,45.6077
2011-07-27,12.2492
2011-07-28,13.4748
2011-07-29,-19.0772
2011-08-01,-20.4415
2011-08-02,-62.1295
2011-08-03,-84.4065
2011-08-04,-127.857
2011-08-05,-125.1444
2011-08-08,-235.1698
2011-08-09,-200.4693
2011-08-10,-225.1021
2011-08-11,-178.5551
2011-08-12,-145.1036
2011-08-15,-131.6128
2011-08-16,-137.7927
2011-08-17,-114.1228
2011-08-18,-142.2048
2011-08-19,-123.5489
2011-08-22,-107.7716
2011-08-23,-82.3028
2011-08-24,-38.2313
2011-08-25,-21.7118
2011-08-26,-22.0675
2011-08-29,-5.7757
2011-08-30,-10.4977
2011-08-31,16.9097
2011-09-01,22.3723
2011-09-02,0.0965
2011-09-06,-19.3786
2011-09-07,31.8527
2011-09-08,39.4298
2011-09-09,-11.0405
2011-09-12,-32.5837
2011-09-13,-12.4013
2011-09-14,20.7554
2011-09-15,44.9742
2011-09-16,72.1935
2011-09-19,37.5017
2011-09-20,61.7093
2011-09-21,50.1125
2011-09-22,-25.8664
2011-09-23,-47.8434
2011-09-26,-13.1601
2011-09-27,9.6841
2011-09-28,-10.2632
2011-09-29,-22.9826
2011-09-30,-77.3149
2011-10-03,-118.0734
2011-10-04,-168.8751
2011-10-05,-145.9406
2011-10-06,-121.2564
2011-10-07,-119.2705
2011-10-10,-69.8738
2011-10-11,-53.7904
2011-10-12,-4.1886
2011-10-13,-27.8054
2011-10-14,-39.6543
2011-10-17,-69.2908
2011-10-18,-37.744
2011-10-19,-33.0288
2011-10-20,-58.451
2011-10-21,35.99
2011-10-24,99.075
2011-10-25,103.2572
2011-10-26,121.9121
2011-10-27,173.7272
2011-10-28,171.9048
2011-10-31,133.9848
2011-11-01,68.2945
2011-11-02,100.6043
2011-11-03,127.3634
2011-11-04,114.6594
2011-11-07,104.7026
2011-11-08,105.4485
2011-11-09,56.2286
2011-11-10,44.8614
2011-11-11,73.3365
2011-11-14,51.7865
2011-11-15,58.6208
2011-11-16,22.7013
2011-11-17,-20.5876
2011-11-18,-30.1018
2011-11-21,-52.636
2011-11-22,-51.735
2011-11-23,-69.4849
2011-11-25,-73.2009
2011-11-28,-45.9009
2011-11-29,-55.6496
2011-11-30,-5.8857
2011-12-01,-6.0391
2011-12-02,13.2799
2011-12-05,21.7727
2011-12-06,13.6002
2011-12-07,14.3392
2011-12-08,-8.8161
2011-12-09,8.4629
2011-12-12,-25.3931
2011-12-13,-36.7927
2011-12-14,-60.6392
2011-12-15,-74.326
2011-12-16,-71.3145
2011-12-19,-94.2214
2011-12-20,-40.7979
2011-12-21,-31.0835
2011-12-22,-32.9957
2011-12-23,-24.7704
2011-12-27,-18.862
2011-12-28,-45.2601
2011-12-29,-35.4448
2011-12-30,-34.0712
2012-01-03,32.9665
2012-01-04,10.2734
2012-01-05,52.5001
2012-01-06,50.5736
2012-01-09,52.4769
2012-01-10,75.3853
2012-01-11,85.1215
2012-01-12,138.0824
2012-01-13,142.0696
2012-01-17,180.6973
2012-01-18,194.0349
2012-01-19,197.7615
2012-01-20,114.5054
2012-01-23,116.4222
2012-01-24,77.4119
2012-01-25,123.723
2012-01-26,129.2957
2012-01-27,111.4179
2012-01-30,50.2792
2012-01-31,95.7931
2012-02-01,142.0282
2012-02-02,160.6403
2012-02-03,208.1313
2012-02-06,166.2508
2012-02-07,168.4711
2012-02-08,137.2117
2012-02-09,152.3423
2012-02-10,125.0836
2012-02-13,128.4234
2012-02-14,113.5847
2012-02-15,103.4094
2012-02-16,130.0515
2012-02-17,143.9959
2012-02-21,128.4503
2012-02-22,124.0003
2012-02-23,110.5315
2012-02-24,123.4778
2012-02-27,140.8285
2012-02-28,127.2529
2012-02-29,100.3976
2012-03-01,110.4414
2012-03-02,91.7509
2012-03-05,71.6185
2012-03-06,31.0069
2012-03-07,38.2159
2012-03-08,70.8071
2012-03-09,85.2584
2012-03-12,65.7286
2012-03-13,114.9314
2012-03-14,212.4207
2012-03-15,236.2486
2012-03-16,235.2601
2012-03-19,229.9303
2012-03-20,206.2372
2012-03-21,205.4901
2012-03-22,185.9065
2012-03-23,174.6582
2012-03-26,198.3003
2012-03-27,185.6803
2012-03-28,178.3286
2012-03-29,129.0379
2012-03-30,119.7751
2012-04-02,111.6235
2012-04-03,111.3177
2012-04-04,85.9786
2012-04-05,88.4758
2012-04-09,64.0147
2012-04-10,47.3385
2012-04-11,52.6376
2012-04-12,69.5713
2012-04-13,63.7328
2012-04-16,64.9451
2012-04-17,74.9575
2012-04-18,76.8286
2012-04-19,56.4871
2012-04-20,48.6238
2012-04-23,32.7134
2012-04-24,45.846
2012-04-25,83.9919
2012-04-26,112.3949
2012-04-27,149.5672
2012-04-30,140.4802
2012-05-01,164.1309
2012-05-02,179.2986
2012-05-03,175.3162
2012-05-04,141.4684
2012-05-07,132.6556
2012-05-08,100.6617
2012-05-09,78.3288
2012-05-10,78.2096
2012-05-11,74.7016
2012-05-14,21.314
2012-05-15,-15.3213
2012-05-16,-40.2228
2012-05-17,-141.3655
2012-05-18,-184.3346
2012-05-21,-135.9717
2012-05-22,-105.0058
2012-05-23,-149.2061
2012-05-24,-114.4497
2012-05-25,-118.935
2012-05-29,-87.8227
2012-05-30,-124.3377
2012-05-31,-112.5483
2012-06-01,-180.8529
2012-06-04,-181.3512
2012-06-05,-162.4971
2012-06-06,-107.6002
2012-06-07,-81.2203
2012-06-08,-78.8041
2012-06-11,-72.3633
2012-06-12,-54.0783
2012-06-13,-69.4264
2012-06-14,-84.8694
2012-06-15,-48.1999
2012-06-18,-46.4707
2012-06-19,-17.6985
2012-06-20,5.868
2012-06-21,-13.5882
2012-06-22,-13.0144
2012-06-25,-34.2935
2012-06-26,-36.0085
2012-06-27,-5.0002
2012-06-28,-15.5994
2012-06-29,69.4536
2012-07-02,116.7208
2012-07-03,137.433
2012-07-05,144.9686
2012-07-06,119.0236
2012-07-09,104.4418
2012-07-10,130.8698
2012-07-11,87.6372
2012-07-12,34.1454
2012-07-13,73.2958
2012-07-16,114.412
2012-07-17,112.0673
2012-07-18,101.4077
2012-07-19,-12.295
2012-07-20,-36.3726
2012-07-23,-69.2497
2012-07-24,-58.0709
2012-07-25,-38.286
2012-07-26,41.9722
2012-07-27,82.4964
2012-07-30,91.968
2012-07-31,47.0191
2012-08-01,8.0929
2012-08-02,-40.9708
2012-08-03,24.0031
2012-08-06,16.5899
2012-08-07,35.0929
2012-08-08,43.6947
2012-08-09,-31.231
2012-08-10,-101.7469
2012-08-13,-97.2853
2012-08-14,-73.4007
2012-08-15,-55.9355
2012-08-16,-6.6413
2012-08-17,10.566
2012-08-20,-24.4243
2012-08-21,-42.8857
2012-08-22,-43.7712
2012-08-23,-60.4265
2012-08-24,-17.041
2012-08-27,11.9495
2012-08-28,11.2583
2012-08-29,16.2133
2012-08-30,-11.286
2012-08-31,68.4429
2012-09-04,117.9816
2012-09-05,41.3333
2012-09-06,38.0144
2012-09-07,36.7531
2012-09-10,48.4156
2012-09-11,3.1955
2012-09-12,25.4117
2012-09-13,147.2152
2012-09-14,196.9801
2012-09-17,190.6669
2012-09-18,143.0768
2012-09-19,139.2099
2012-09-20,98.7594
2012-09-21,62.6776
2012-09-24,16.2566
2012-09-25,4.0462
2012-09-26,-104.8128
2012-09-27,-99.6846
2012-09-28,-74.2199
2012-10-01,35.7805
2012-10-02,2.3822
2012-10-03,-16.4978
2012-10-04,84.1269
2012-10-05,106.2445
2012-10-08,120.2982
2012-10-09,90.1534
2012-10-10,53.0096
2012-10-11,77.122
2012-10-12,25.1907
2012-10-15,-10.644
2012-10-16,72.0005
2012-10-17,142.5879
2012-10-18,14.9308
2012-10-19,-95.9906
2012-10-22,-130.7489
2012-10-23,-223.2449
2012-10-24,-226.8361
2012-10-25,-212.013
2012-10-26,-167.8666
2012-10-31,-148.6087
2012-11-01,-74.5848
2012-11-02,-50.5641
2012-11-05,-98.3466
2012-11-06,-34.8978
2012-11-07,-118.1286
2012-11-08,-113.8708
2012-11-09,-98.7622
2012-11-12,-108.9899
2012-11-13,-143.0999
2012-11-14,-190.3311
2012-11-15,-204.3326
2012-11-16,-156.7263
2012-11-19,-98.5308
2012-11-20,-66.623
2012-11-21,-39.225
2012-11-23,-14.4338
2012-11-26,-45.379
2012-11-27,-97.6175
2012-11-28,-78.9804
2012-11-29,-32.4888
2012-11-30,-30.6684
2012-12-03,-15.246
2012-12-04,-31.1998
2012-12-05,-1.9082
2012-12-06,-8.5683
2012-12-07,21.522
2012-12-10,42.2962
2012-12-11,84.7713
2012-12-12,129.2165
2012-12-13,129.0404
2012-12-14,71.5807
2012-12-17,99.3817
2012-12-18,167.3423
2012-12-19,93.9968
2012-12-20,103.1186
2012-12-21,102.0005
2012-12-24,124.5818
2012-12-26,91.2712
2012-12-27,32.6736
2012-12-28,37.917
2012-12-31,67.0985
2013-01-02,183.2067
2013-01-03,186.3943
2013-01-04,190.9789
2013-01-07,201.7951
2013-01-08,201.1498
2013-01-09,204.6758
2013-01-10,192.5329
2013-01-11,206.1344
2013-01-14,188.1968
2013-01-15,149.4401
2013-01-16,142.5226
2013-01-17,139.6588
2013-01-18,81.9371
2013-01-22,67.9395
2013-01-23,46.5381
2013-01-24,54.2705
2013-01-25,58.3824
2013-01-28,39.6197
2013-01-29,46.2609
2013-01-30,46.2168
2013-01-31,32.5404
2013-02-01,59.7293
2013-02-04,41.3303
2013-02-05,87.2399
2013-02-06,85.4178
2013-02-07,147.2768
2013-02-08,151.1869
2013-02-11,139.975
2013-02-12,154.8244
2013-02-13,148.202
2013-02-14,140.6971
2013-02-15,116.156
2013-02-19,118.9648
2013-02-20,111.1252
2013-02-21,80.3369
2013-02-22,113.7893
2013-02-25,110.3549
2013-02-26,83.4619
2013-02-27,100.1932
2013-02-28,94.8751
2013-03-01,84.0512
2013-03-04,109.9806
2013-03-05,172.0293
2013-03-06,201.0841
2013-03-07,179.7669
2013-03-08,159.1875
2013-03-11,189.3838
2013-03-12,179.0932
2013-03-13,164.638
2013-03-14,159.9652
2013-03-15,168.8141
2013-03-18,142.4463
2013-03-19,127.5327
2013-03-20,137.9923
2013-03-21,116.5688
2013-03-22,124.8245
2013-03-25,122.1857
2013-03-26,136.4065
2013-03-27,129.8918
2013-03-28,131.8216
2013-04-01,125.6457
2013-04-02,124.3902
2013-04-03,92.1094
2013-04-04,88.2007
2013-04-05,37.823
2013-04-08,43.1497
2013-04-09,35.2731
2013-04-10,36.7063
2013-04-11,41.4191
2013-04-12,37.1632
2013-04-15,-6.3763
2013-04-16,-8.0139
2013-04-17,-43.3177
2013-04-18,-3.5172
2013-04-19,84.541
2013-04-22,89.0523
2013-04-23,116.2336
2013-04-24,123.9567
2013-04-25,175.1201
2013-04-26,143.1558
2013-04-29,130.6245
2013-04-30,145.8053
2013-05-01,152.6265
2013-05-02,178.9582
2013-05-03,236.3059
2013-05-06,205.8859
2013-05-07,190.206
2013-05-08,168.7021
2013-05-09,157.5437
2013-05-10,139.7395
2013-05-13,120.8777
2013-05-14,161.7298
2013-05-15,201.0412
2013-05-16,183.7633
2013-05-17,185.5764
2013-05-20,200.9384
2013-05-21,207.5246
2013-05-22,192.8922
2013-05-23,154.9792
2013-05-24,152.18
2013-05-28,172.9032
2013-05-29,149.8522
2013-05-30,146.3223
2013-05-31,135.7206
2013-06-03,127.8954
2013-06-04,123.4975
2013-06-05,93.6506
2013-06-06,96.8334
2013-06-07,123.7976
2013-06-10,127.574
2013-06-11,99.1635
2013-06-12,67.8466
2013-06-13,51.1683
2013-06-14,24.3065
2013-06-17,26.9588
2013-06-18,46.2119
2013-06-19,36.3989
2013-06-20,3.3491
2013-06-21,-1.9098
2013-06-24,-31.968
2013-06-25,-9.4723
2013-06-26,6.7559
2013-06-27,39.8918
2013-06-28,31.2135
2013-07-01,64.8422
2013-07-02,34.0933
2013-07-03,5.8152
2013-07-05,65.4132
2013-07-08,119.4386
2013-07-09,132.0374
2013-07-10,84.8631
2013-07-11,102.7721
2013-07-12,146.9703
2013-07-15,137.4626
2013-07-16,136.2126
2013-07-17,37.8213
2013-07-18,-54.1655
2013-07-19,-74.6958
2013-07-22,-43.3049
2013-07-23,-46.0221
2013-07-24,-6.3901
2013-07-25,1.6812
2013-07-26,-19.9824
2013-07-29,-28.1833
2013-07-30,-12.3994
2013-07-31,-54.7088
2013-08-01,2.5424
2013-08-02,6.204
2013-08-05,23.6961
2013-08-06,32.8863
2013-08-07,1.2494
2013-08-08,67.5404
2013-08-09,23.0054
2013-08-12,1.9441
2013-08-13,33.3332
2013-08-14,42.2611
2013-08-15,-27.8257
2013-08-16,-26.6292
2013-08-19,-62.0379
2013-08-20,-97.1768
2013-08-21,-143.5266
2013-08-22,-137.0006
2013-08-23,-141.8358
2013-08-26,-119.2235
2013-08-27,-217.0284
2013-08-28,-211.7901
2013-08-29,-186.8719
2013-08-30,-185.3997
2013-09-03,-132.8249
2013-09-04,-110.133
2013-09-05,-67.7995
2013-09-06,-84.7396
2013-09-09,-64.9812
2013-09-10,-8.3072
2013-09-11,31.0118
2013-09-12,57.9291
2013-09-13,61.1097
2013-09-16,87.1742
2013-09-17,125.1175
2013-09-18,165.064
2013-09-19,167.6041
2013-09-20,154.2094
2013-09-23,108.5425
2013-09-24,81.5478
2013-09-25,65.1272
2013-09-26,77.7953
2013-09-27,47.6555
2013-09-30,23.7235
2013-10-01,47.4459
2013-10-02,-9.0775
2013-10-03,-49.0065
2013-10-04,-35.6419
2013-10-07,-81.2346
2013-10-08,-107.3197
2013-10-09,-108.1416
2013-10-10,-19.0795
2013-10-11,29.3965
2013-10-14,61.4087
2013-10-15,51.9285
2013-10-16,74.8798
2013-10-17,209.9247
2013-10-18,218.5057
2013-10-21,214.5691
2013-10-22,205.3287
2013-10-23,180.1757
2013-10-24,178.211
2013-10-25,202.4735
2013-10-28,202.8766
2013-10-29,204.3047
2013-10-30,178.6534
2013-10-31,136.379
2013-11-01,126.7589
2013-11-04,115.7116
2013-11-05,98.7526
2013-11-06,102.2309
2013-11-07,80.5241
2013-11-08,78.6716
2013-11-11,70.6009
2013-11-12,58.024
2013-11-13,56.4289
2013-11-14,67.2683
2013-11-15,85.3754
2013-11-18,75.3709
2013-11-19,73.0321
2013-11-20,70.3768
2013-11-21,86.6147
2013-11-22,88.0541
2013-11-25,100.872
2013-11-26,111.5671
2013-11-27,116.0928
2013-11-29,125.2147
2013-12-02,120.7649
2013-12-03,97.1065
2013-12-04,91.4179
2013-12-05,93.5345
2013-12-06,132.5259
2013-12-09,131.8285
2013-12-10,111.1599
2013-12-11,72.1019
2013-12-12,31.577
2013-12-13,28.6847
2013-12-16,64.907
2013-12-17,51.9457
2013-12-18,92.7056
2013-12-19,137.1289
2013-12-20,173.3274
2013-12-23,201.4839
2013-12-24,193.807
2013-12-26,193.0713
2013-12-27,183.3675
2013-12-30,180.126
2013-12-31,194.8757
2014-01-02,167.3941
2014-01-03,141.3218
2014-01-06,140.4961
2014-01-07,129.3366
2014-01-08,108.6723
2014-01-09,94.7436
2014-01-10,82.672
2014-01-13,45.9344
2014-01-14,20.2598
2014-01-15,50.3155
2014-01-16,41.0018
2014-01-17,157.9522
2014-01-21,127.8037
2014-01-22,123.2422
2014-01-23,69.4729
2014-01-24,10.4128
2014-01-27,-32.4937
2014-01-28,-31.3745
2014-01-29,-48.8959
2014-01-30,-29.8288
2014-01-31,-74.6736
2014-02-03,-127.7335
2014-02-04,-122.4663
2014-02-05,-123.2245
2014-02-06,-67.6852
2014-02-07,-23.6619
2014-02-10,27.6235
2014-02-11,33.9451
2014-02-12,41.7366
2014-02-13,31.8462
2014-02-14,37.4812
2014-02-18,33.9554
2014-02-19,52.3668
2014-02-20,28.5561
2014-02-21,32.8603
2014-02-24,65.6514
2014-02-25,68.249
2014-02-26,69.744
2014-02-27,76.9191
2014-02-28,120.43
2014-03-03,68.9565
2014-03-04,151.7579
2014-03-05,149.2217
2014-03-06,176.0282
2014-03-07,187.287
2014-03-10,164.2713
2014-03-11,145.7482
2014-03-12,112.5609
2014-03-13,75.9032
2014-03-14,37.6924
2014-03-17,59.7237
2014-03-18,72.2238
2014-03-19,54.7422
2014-03-20,63.0604
2014-03-21,86.5521
2014-03-24,49.1579
2014-03-25,49.7806
2014-03-26,23.6282
2014-03-27,7.5822
2014-03-28,30.6709
2014-03-31,25.7887
2014-04-01,30.947
2014-04-02,12.6063
2014-04-03,20.8913
2014-04-04,-35.5524
2014-04-07,-165.2154
2014-04-08,-220.6333
2014-04-09,-128.041
2014-04-10,-196.0857
2014-04-11,-260.3291
2014-04-14,-212.5162
2014-04-15,-181.468
2014-04-16,-117.1978
2014-04-17,-136.9304
2014-04-21,-124.2607
2014-04-22,-102.1856
2014-04-23,-90.1877
2014-04-24,-75.6267
2014-04-25,-83.9753
2014-04-28,-82.9186
2014-04-29,-55.7874
2014-04-30,-60.5769
2014-05-01,-69.2545
2014-05-02,-66.2433
2014-05-05,-63.9662
2014-05-06,-70.5943
2014-05-07,-41.0476
2014-05-08,-1.2919
2014-05-09,6.3569
2014-05-12,42.1155
2014-05-13,34.8729
2014-05-14,14.518
2014-05-15,-20.2522
2014-05-16,-32.7621
2014-05-19,-11.1999
2014-05-20,-30.3787
2014-05-21,-4.9903
2014-05-22,10.6027
2014-05-23,41.8154
2014-05-27,164.1173
2014-05-28,177.3556
2014-05-29,177.4645
2014-05-30,189.8139
2014-06-02,207.7874
2014-06-03,187.0047
2014-06-04,170.6608
2014-06-05,187.2385
2014-06-06,226.8098
2014-06-09,238.1051
2014-06-10,204.9754
2014-06-11,180.7474
2014-06-12,161.222
2014-06-13,145.7523
2014-06-16,122.9415
2014-06-17,121.4574
2014-06-18,123.6666
2014-06-19,116.2057
2014-06-20,118.7517
2014-06-23,108.1491
2014-06-24,89.4832
2014-06-25,83.7883
2014-06-26,70.3111
2014-06-27,76.8299
2014-06-30,78.179
2014-07-01,90.3104
2014-07-02,79.8115
2014-07-03,83.6002
2014-07-07,73.5394
2014-07-08,45.9303
2014-07-09,56.4756
2014-07-10,34.8457
2014-07-11,35.9849
2014-07-14,49.9767
2014-07-15,38.4359
2014-07-16,38.5604
2014-07-17,-4.6254
2014-07-18,-12.1631
2014-07-21,-51.3386
2014-07-22,-28.1958
2014-07-23,-54.2005
2014-07-24,-63.5295
2014-07-25,-138.5025
2014-07-28,-181.8955
2014-07-29,-166.5364
2014-07-30,-212.5553
2014-07-31,-333.7831
2014-08-01,-382.0555
2014-08-04,-304.7898
2014-08-05,-276.1661
2014-08-06,-237.8305
2014-08-07,-208.5234
2014-08-08,-168.7844
2014-08-11,-142.5557
2014-08-12,-138.7672
2014-08-13,-114.476
2014-08-14,-109.38
2014-08-15,-111.6296
2014-08-18,-97.9718
2014-08-19,-76.9569
2014-08-20,-64.4755
2014-08-21,-47.4381
2014-08-22,-43.6885
2014-08-25,-28.0513
2014-08-26,-32.5005
2014-08-27,-32.3365
2014-08-28,-36.1255
2014-08-29,-23.0016
2014-09-02,-14.0245
2014-09-03,1.0408
2014-09-04,-5.5009
2014-09-05,-13.557
2014-09-08,-20.4765
2014-09-09,-46.9201
2014-09-10,-38.6214
2014-09-11,-37.7807
2014-09-12,-53.9776
2014-09-15,-58.3854
2014-09-16,-40.1504
2014-09-17,9.2038
2014-09-18,64.4672
2014-09-19,69.4894
2014-09-22,43.4867
2014-09-23,7.1599
2014-09-24,-3.1704
2014-09-25,-58.6187
2014-09-26,-19.7892
2014-09-29,-42.7731
2014-09-30,-43.0447
2014-10-01,-151.9489
2014-10-02,-176.8155
2014-10-03,-102.62
2014-10-06,-78.1347
2014-10-07,-178.5776
2014-10-08,-113.531
2014-10-09,-113.2934
2014-10-10,-169.0785
2014-10-13,-268.6748
2014-10-14,-272.8656
2014-10-15,-335.8321
2014-10-16,-291.1859
2014-10-17,-173.7423
2014-10-20,-128.9365
2014-10-21,-67.0747
2014-10-22,-83.6402
2014-10-23,-51.7975
2014-10-24,-26.5647
2014-10-27,-16.2959
2014-10-28,29.7903
2014-10-29,55.8691
2014-10-30,74.8975
2014-10-31,115.6643
2014-11-03,139.838
2014-11-04,144.6156
2014-11-05,171.6058
2014-11-06,144.6315
2014-11-07,146.1475
2014-11-10,143.0631
2014-11-11,126.8016
2014-11-12,108.594
2014-11-13,101.0953
2014-11-14,86.9272
2014-11-17,66.4173
2014-11-18,76.8633
2014-11-19,71.8359
2014-11-20,68.8423
2014-11-21,73.5743
2014-11-24,70.0885
2014-11-25,76.0863
2014-11-26,74.8415
2014-11-28,88.694
2014-12-01,83.5884
2014-12-02,92.4126
2014-12-03,68.7971
2014-12-04,62.2745
2014-12-05,78.4046
2014-12-08,91.613
2014-12-09,81.7769
2014-12-10,82.7839
2014-12-11,98.3664
2014-12-12,45.3568
2014-12-15,-3.9464
2014-12-16,-55.7023
2014-12-17,-35.4527
2014-12-18,84.5749
2014-12-19,103.6413
2014-12-22,119.0246
2014-12-23,147.8199
2014-12-24,163.7065
2014-12-26,165.8729
2014-12-29,155.2636
2014-12-30,138.8483
2014-12-31,93.9908
2015-01-02,57.4987
2015-01-05,-47.8877
2015-01-06,-156.7427
2015-01-07,-88.9577
2015-01-08,-24.2384
2015-01-09,-56.147
2015-01-12,-102.6804
2015-01-13,-109.7617
2015-01-14,-209.4487
2015-01-15,-240.3832
2015-01-16,-236.7213
2015-01-20,-164.8812
2015-01-21,-145.0475
2015-01-22,-217.6744
2015-01-23,-199.1113
2015-01-26,-200.479
2015-01-27,-201.9519
2015-01-28,-188.7717
2015-01-29,-179.9279
2015-01-30,-176.7518
2015-02-02,-150.2488
2015-02-03,-110.8543
2015-02-04,-95.9539
2015-02-05,-77.0265
2015-02-06,-61.22
2015-02-09,-64.835
2015-02-10,-47.8738
2015-02-11,-42.0606
2015-02-12,-125.9008
2015-02-13,-151.4464
2015-02-17,-142.2066
2015-02-18,-118.9396
2015-02-19,-127.4286
2015-02-20,-112.4059
2015-02-23,-96.665
2015-02-24,-79.9998
2015-02-25,-63.2818
2015-02-26,-37.8607
2015-02-27,-51.3921
2015-03-02,-52.987
2015-03-03,-57.1428
2015-03-04,-68.6249
2015-03-05,-62.5459
2015-03-06,-72.7579
2015-03-09,-72.0373
2015-03-10,-99.9641
2015-03-11,-92.5205
2015-03-12,-39.1815
2015-03-13,-51.0015
2015-03-16,-30.0624
2015-03-17,-39.9879
2015-03-18,-17.0067
2015-03-19,-12.6106
2015-03-20,30.9195
2015-03-23,44.4425
2015-03-24,-1.2429
2015-03-25,-49.5003
2015-03-26,-128.375
2015-03-27,-145.5555
2015-03-30,-129.6859
2015-03-31,-128.3952
2015-04-01,-98.8756
2015-04-02,-69.3815
2015-04-06,-60.5362
2015-04-07,-93.2797
2015-04-08,-83.9085
2015-04-09,-71.4317
2015-04-10,-35.3804
2015-04-13,-37.9331
2015-04-14,-43.0954
2015-04-15,-24.9414
2015-04-16,9.2427
2015-04-17,-157.0211
2015-04-20,-153.4471
2015-04-21,-137.2182
2015-04-22,-98.2051
2015-04-23,-93.6316
2015-04-24,-93.0837
2015-04-27,-115.3962
2015-04-28,-116.414
2015-04-29,-120.5707
2015-04-30,-106.6714
2015-05-01,-88.8523
2015-05-04,-56.8734
2015-05-05,-61.1805
2015-05-06,-59.2578
2015-05-07,-45.7004
2015-05-08,1.2585
2015-05-11,31.2569
2015-05-12,-2.186
2015-05-13,42.9069
2015-05-14,101.3086
2015-05-15,94.2843
2015-05-18,84.5989
2015-05-19,155.9753
2015-05-20,156.1818
2015-05-21,134.94
2015-05-22,149.5936
2015-05-26,100.6923
2015-05-27,74.8895
2015-05-28,63.9251
2015-05-29,44.5722
2015-06-01,27.2371
2015-06-02,44.1061
2015-06-03,91.6651
2015-06-04,27.8739
2015-06-05,18.9648
2015-06-08,-1.5862
2015-06-09,-1.6474
2015-06-10,47.3921
2015-06-11,69.8645
2015-06-12,31.8729
2015-06-15,-4.4511
2015-06-16,7.9296
2015-06-17,60.345
2015-06-18,76.5769
2015-06-19,53.7048
2015-06-22,121.3946
2015-06-23,140.2449
2015-06-24,94.7749
2015-06-25,37.875
2015-06-26,17.1689
2015-06-29,-144.4329
2015-06-30,-175.969
2015-07-01,-128.0475
2015-07-02,-129.8504
2015-07-06,-208.601
2015-07-07,-220.4808
2015-07-08,-263.5806
2015-07-09,-212.3463
2015-07-10,-157.2067
2015-07-13,-81.6946
2015-07-14,-48.4828
2015-07-15,-47.8962
2015-07-16,-33.8432
2015-07-17,-23.0513
2015-07-20,1.232
2015-07-21,-25.3513
2015-07-22,-23.6974
2015-07-23,-149.5306
2015-07-24,-186.7641
2015-07-27,-241.7234
2015-07-28,-210.9388
2015-07-29,-165.6377
2015-07-30,-131.9236
2015-07-31,-111.2182
2015-08-03,-120.3582
2015-08-04,-112.7165
2015-08-05,-103.2419
2015-08-06,-124.75
2015-08-07,-0.565
2015-08-10,109.2785
2015-08-11,119.3052
2015-08-12,97.8236
2015-08-13,99.6265
2015-08-14,106.0318
2015-08-17,101.3988
2015-08-18,114.056
2015-08-19,110.8179
2015-08-20,45.9197
2015-08-21,-23.6414
2015-08-24,-154.2031
2015-08-25,-131.5716
2015-08-26,-97.8134
2015-08-27,-45.3426
2015-08-28,-45.572
2015-08-31,-37.4656
2015-09-01,-114.7607
2015-09-02,-98.084
2015-09-03,-68.3304
2015-09-04,-110.7615
2015-09-08,-64.6326
2015-09-09,-57.0657
2015-09-10,-59.3798
2015-09-11,-60.5089
2015-09-14,-62.432
2015-09-15,-27.0993
2015-09-16,5.5793
2015-09-17,19.1658
2015-09-18,-24.9195
2015-09-21,-2.7251
2015-09-22,-50.0949
2015-09-23,-47.9448
2015-09-24,-84.3408
2015-09-25,-60.1582
2015-09-28,-105.5653
2015-09-29,-123.5914
2015-09-30,-93.5919
2015-10-01,-89.4067
2015-10-02,-91.2503
2015-10-05,2.6173
2015-10-06,21.0358
2015-10-07,32.6988
2015-10-08,23.2103
2015-10-09,48.2921
2015-10-12,49.54
2015-10-13,38.9004
2015-10-14,22.8705
2015-10-15,53.2105
2015-10-16,86.844
2015-10-19,82.9115
2015-10-20,73.6559
2015-10-21,63.9389
2015-10-22,-200.0791
2015-10-23,-97.6184
2015-10-26,-99.4441
2015-10-27,-89.1887
2015-10-28,-74.5785
2015-10-29,-63.9626
2015-10-30,-106.1052
2015-11-02,-92.8829
2015-11-03,-73.1249
2015-11-04,-58.2336
2015-11-05,-71.9662
2015-11-06,-47.2232
2015-11-09,-80.7067
2015-11-10,-89.4095
2015-11-11,-96.9814
2015-11-12,-132.2388
2015-11-13,-154.648
2015-11-16,-161.0524
2015-11-17,-143.9252
2015-11-18,-118.631
2015-11-19,-82.6617
2015-11-20,-77.0046
2015-11-23,-84.3382
2015-11-24,-115.9755
2015-11-25,-108.7774
2015-11-27,-97.3364
2015-11-30,-94.8549
2015-12-01,-78.2119
2015-12-02,-94.421
2015-12-03,-121.1933
2015-12-04,-109.3103
2015-12-07,-116.1523
2015-12-08,-142.9541
2015-12-09,-128.4046
2015-12-10,-118.1808
2015-12-11,-155.4764
2015-12-14,-165.9053
2015-12-15,-101.65
2015-12-16,-82.5285
2015-12-17,-103.358
2015-12-18,-175.3011
2015-12-21,-156.982
2015-12-22,-134.1367
2015-12-23,-89.1991
2015-12-24,-63.0329
2015-12-28,-77.2235
2015-12-29,-42.0628
2015-12-30,-43.8073
2015-12-31,-66.461
2016-01-04,-173.4599
2016-01-05,-204.7736
2016-01-06,-276.854
2016-01-07,-292.1875
2016-01-08,-256.4149
2016-01-11,-230.9171
2016-01-12,-187.9749
2016-01-13,-201.3249
2016-01-14,-180.2634
2016-01-15,-179.1506
2016-01-19,-153.1665
2016-01-20,-146.365
2016-01-21,-122.7231
2016-01-22,-254.6287
2016-01-25,-242.0407
2016-01-26,-210.0204
2016-01-27,-194.5506
2016-01-28,-199.5749
2016-01-29,-179.913
2016-02-01,-155.4051
2016-02-02,-149.5135
2016-02-03,-140.9938
2016-02-04,-126.43
2016-02-05,-118.4992
2016-02-08,-128.4137
2016-02-09,-121.0122
2016-02-10,-110.5067
2016-02-11,-119.8137
2016-02-12,-98.0651
2016-02-16,-84.2623
2016-02-17,-74.4549
2016-02-18,-67.0314
2016-02-19,-57.3886
2016-02-22,-45.8689
2016-02-23,-45.2619
2016-02-24,-52.5483
2016-02-25,-42.163
2016-02-26,-33.9782
2016-02-29,-30.7723
2016-03-01,-14.3893
2016-03-02,-1.9456
2016-03-03,17.1155
2016-03-04,29.8425
2016-03-07,43.1537
2016-03-08,62.0599
2016-03-09,62.0623
2016-03-10,60.626
2016-03-11,83.3071
2016-03-14,90.6945
2016-03-15,85.4682
2016-03-16,101.9678
2016-03-17,123.1711
2016-03-18,157.3052
2016-03-21,150.011
2016-03-22,120.787
2016-03-23,115.3266
2016-03-24,98.1085
2016-03-28,95.2973
2016-03-29,88.3828
2016-03-30,89.56
2016-03-31,98.1567
2016-04-01,94.2697
2016-04-04,81.0345
2016-04-05,63.8388
2016-04-06,53.6844
2016-04-07,32.4632
2016-04-08,44.7239
2016-04-11,46.2192
2016-04-12,64.9296
2016-04-13,109.8269
2016-04-14,129.1806
2016-04-15,125.6651
2016-04-18,125.0927
2016-04-19,162.0801
2016-04-20,214.1306
2016-04-21,258.107
2016-04-22,228.9664
2016-04-25,206.6106
2016-04-26,207.6866
2016-04-27,193.5156
2016-04-28,166.3137
2016-04-29,132.6337
2016-05-02,130.3313
2016-05-03,94.8229
2016-05-04,75.3158
2016-05-05,66.7574
2016-05-06,65.1215
2016-05-09,58.1775
2016-05-10,70.8363
2016-05-11,70.2028
2016-05-12,60.8531
2016-05-13,51.4909
2016-05-16,37.7603
2016-05-17,9.226
2016-05-18,9.5316
2016-05-19,-4.1662
2016-05-20,20.9251
2016-05-23,21.4935
2016-05-24,49.5056
2016-05-25,75.554
2016-05-26,66.1194
2016-05-27,76.4854
2016-05-31,81.2225
2016-06-01,78.8412
2016-06-02,97.6309
2016-06-03,59.8305
2016-06-06,84.9546
2016-06-07,97.3823
2016-06-08,104.4966
2016-06-09,49.8369
2016-06-10,18.0234
2016-06-13,-60.2594
2016-06-14,-235.6789
2016-06-15,-236.8423
2016-06-16,-206.1954
2016-06-17,-166.3413
2016-06-20,-115.3603
2016-06-21,-134.0653
2016-06-22,-126.678
2016-06-23,-73.939
2016-06-24,-196.0992
2016-06-27,-286.1716
2016-06-28,-259.3815
2016-06-29,-185.9703
2016-06-30,-131.4112
2016-07-01,-93.5259
2016-07-05,-135.5855
2016-07-06,-136.8076
2016-07-07,-106.3416
2016-07-08,-57.8835
2016-07-11,-25.0363
2016-07-12,3.528
2016-07-13,5.8811
2016-07-14,27.141
2016-07-15,28.5833
2016-07-18,32.4099
2016-07-19,34.0732
2016-07-20,43.8971
2016-07-21,22.0287
2016-07-22,38.1983
2016-07-25,48.5164
2016-07-26,51.536
2016-07-27,62.9862
2016-07-28,65.7696
2016-07-29,63.2045
2016-08-01,58.3629
2016-08-02,37.7117
2016-08-03,46.6953
2016-08-04,52.6152
2016-08-05,108.365
2016-08-08,134.3806
2016-08-09,115.9289
2016-08-10,88.7621
2016-08-11,99.5423
2016-08-12,93.7103
2016-08-15,99.5618
2016-08-16,89.4732
2016-08-17,89.9106
2016-08-18,86.9231
2016-08-19,78.4661
2016-08-22,71.6958
2016-08-23,94.5195
2016-08-24,77.3426
2016-08-25,54.1153
2016-08-26,49.884
2016-08-29,70.4839
2016-08-30,77.7965
2016-08-31,68.1854
2016-09-01,34.4723
2016-09-02,52.2936
2016-09-06,74.9062
2016-09-07,106.7192
2016-09-08,145.3899
2016-09-09,51.7778
2016-09-12,44.9311
2016-09-13,-46.1278
2016-09-14,-139.6031
2016-09-15,-132.1332
2016-09-16,-150.0195
2016-09-19,-94.7938
2016-09-20,-102.0418
2016-09-21,-85.3972
2016-09-22,-30.5386
2016-09-23,-84.0943
2016-09-26,-147.1284
2016-09-27,-82.6871
2016-09-28,-80.3568
2016-09-29,-124.6436
2016-09-30,-95.3151
2016-10-03,-108.6114
2016-10-04,-83.3333
2016-10-05,-60.7992
2016-10-06,-204.2732
2016-10-07,-232.3088
2016-10-10,-192.7591
2016-10-11,-245.2124
2016-10-12,-238.115
2016-10-13,-252.7654
2016-10-14,-212.5299
2016-10-17,-213.1385
2016-10-18,-184.4067
2016-10-19,-128.7751
2016-10-20,129.3589
2016-10-21,154.987
2016-10-24,158.3032
2016-10-25,133.3044
2016-10-26,119.5633
2016-10-27,123.8486
2016-10-28,110.8963
2016-10-31,102.0529
2016-11-01,89.7893
2016-11-02,61.0871
2016-11-03,56.1754
2016-11-04,62.7046
2016-11-07,118.3006
2016-11-08,107.6725
2016-11-09,148.042
2016-11-10,185.2659
2016-11-11,179.8631
2016-11-14,207.8411
2016-11-15,191.9465
2016-11-16,168.9908
2016-11-17,153.8926
2016-11-18,130.8199
2016-11-21,128.3355
2016-11-22,122.4583
2016-11-23,134.1803
2016-11-25,134.4333
2016-11-28,116.6309
2016-11-29,99.5361
2016-11-30,100.4598
2016-12-01,100.0444
2016-12-02,87.5843
2016-12-05,86.9232
2016-12-06,85.1777
2016-12-07,105.8041
2016-12-08,118.2245
2016-12-09,112.8653
2016-12-12,93.04
2016-12-13,88.9729
2016-12-14,100.5828
2016-12-15,114.0217
2016-12-16,109.2196
2016-12-19,96.4292
2016-12-20,103.3278
2016-12-21,104.721
2016-12-22,93.1559
2016-12-23,95.7752
2016-12-27,93.554
2016-12-28,82.3622
2016-12-29,62.0289
2016-12-30,61.029
2017-01-03,98.4515
2017-01-04,119.2456
2017-01-05,96.1089
2017-01-06,95.049
2017-01-09,112.716
2017-01-10,150.4686
2017-01-11,141.3564
2017-01-12,123.0738
2017-01-13,131.7121
2017-01-17,127.5664
2017-01-18,134.4743
2017-01-19,122.6683
2017-01-20,79.6877
2017-01-23,72.2114
2017-01-24,118.5573
2017-01-25,115.5486
2017-01-26,106.576
2017-01-27,96.1869
2017-01-30,99.6623
2017-01-31,67.4185
2017-02-01,86.0454
2017-02-02,56.1003
2017-02-03,131.9544
2017-02-06,132.5569
2017-02-07,123.7898
2017-02-08,102.0757
2017-02-09,126.1084
2017-02-10,144.8373
2017-02-13,161.2431
2017-02-14,171.1661
2017-02-15,178.295
2017-02-16,162.8235
2017-02-17,161.4479
2017-02-21,183.9716
2017-02-22,157.8393
2017-02-23,163.8166
2017-02-24,128.5046
2017-02-27,138.705
2017-02-28,134.3576
2017-03-01,198.5283
2017-03-02,136.2729
2017-03-03,104.8873
2017-03-06,66.7697
2017-03-07,72.9575
2017-03-08,60.2082
2017-03-09,47.8939
2017-03-10,43.827
2017-03-13,42.8522
2017-03-14,48.9541
2017-03-15,42.9768
2017-03-16,60.7301
2017-03-17,39.2988
2017-03-20,19.56
2017-03-21,-50.9233
2017-03-22,-75.4257
2017-03-23,-60.3135
2017-03-24,-38.7882
2017-03-27,-104.5843
2017-03-28,-44.4599
2017-03-29,-30.1122
2017-03-30,-12.519
2017-03-31,2.5163
2017-04-03,-49.0398
2017-04-04,-73.8073
2017-04-05,-93.5951
2017-04-06,-129.6619
2017-04-07,-127.3187
2017-04-10,-133.9954
2017-04-11,-162.8652
2017-04-12,-166.8886
2017-04-13,-206.6737
2017-04-17,-172.1476
2017-04-18,-181.349
2017-04-19,-176.1456
2017-04-20,38.3468
2017-04-21,76.3358
2017-04-24,115.3706
2017-04-25,132.8862
2017-04-26,109.8204
2017-04-27,108.3871
2017-04-28,54.1258
2017-05-01,38.1734
2017-05-02,54.0994
2017-05-03,27.4686
2017-05-04,0.9006
2017-05-05,-15.6209
2017-05-08,-15.8503
2017-05-09,-5.0724
2017-05-10,0.6928
2017-05-11,-39.926
2017-05-12,-62.7576
2017-05-15,-15.1398
2017-05-16,-9.2535
2017-05-17,-116.8395
2017-05-18,-130.7786
2017-05-19,-96.4365
2017-05-22,-87.5162
2017-05-23,-68.4541
2017-05-24,-63.4857
2017-05-25,-38.0223
2017-05-26,-46.9021
2017-05-30,-56.1677
2017-05-31,-82.6727
2017-06-01,-7.7646
2017-06-02,20.7336
2017-06-05,55.0137
2017-06-06,38.7867
2017-06-07,86.7707
2017-06-08,103.42
2017-06-09,115.4742
2017-06-12,111.5986
2017-06-13,115.8223
2017-06-14,109.735
2017-06-15,118.8872
2017-06-16,139.209
2017-06-19,156.233
2017-06-20,182.2963
2017-06-21,173.0408
2017-06-22,163.7073
2017-06-23,156.0295
2017-06-26,166.8628
2017-06-27,163.1459
2017-06-28,172.0574
2017-06-29,162.0585
2017-06-30,151.7015
2017-07-03,168.9694
2017-07-05,156.2063
2017-07-06,116.2146
2017-07-07,113.4145
2017-07-10,107.5927
2017-07-11,94.7229
2017-07-12,104.7072
2017-07-13,112.3669
2017-07-14,105.7766
2017-07-17,101.7882
2017-07-18,99.8639
2017-07-19,107.2625
2017-07-20,87.1119
2017-07-21,101.1801
2017-07-24,73.1832
2017-07-25,89.3735
2017-07-26,82.3507
2017-07-27,40.7444
2017-07-28,50.4073
2017-07-31,73.8822
2017-08-01,99.8807
2017-08-02,66.5022
2017-08-03,77.4258
2017-08-04,98.9832
2017-08-07,91.7996
2017-08-08,95.6509
2017-08-09,74.6372
2017-08-10,30.6545
2017-08-11,-6.3093
2017-08-14,50.7058
2017-08-15,137.5565
2017-08-16,194.1234
2017-08-17,131.6994
2017-08-18,48.528
2017-08-21,20.681
2017-08-22,18.2112
2017-08-23,-2.9694
2017-08-24,10.3911
2017-08-25,44.7744
2017-08-28,18.7197
2017-08-29,-24.6104
2017-08-30,32.4425
2017-08-31,90.1604
2017-09-01,112.7707
2017-09-05,-17.7432
2017-09-06,-15.4971
2017-09-07,-118.8824
2017-09-08,-147.5185
2017-09-11,20.3514
2017-09-12,117.976
2017-09-13,145.7171
2017-09-14,110.6787
2017-09-15,138.797
2017-09-18,221.1604
2017-09-19,298.4464
2017-09-20,256.5799
2017-09-21,207.2883
2017-09-22,189.4118
2017-09-25,161.6833
2017-09-26,168.0436
2017-09-27,202.3486
2017-09-28,207.127
2017-09-29,208.9034
2017-10-02,195.9576
2017-10-03,199.2075
2017-10-04,176.0317
2017-10-05,159.683
2017-10-06,154.1226
2017-10-09,152.6472
2017-10-10,149.8844
2017-10-11,141.982
2017-10-12,120.223
2017-10-13,128.3392
2017-10-16,112.6188
2017-10-17,100.2719
2017-10-18,101.1817
2017-10-19,86.0882
2017-10-20,103.19
2017-10-23,100.4409
2017-10-24,116.0026
2017-10-25,118.5649
2017-10-26,149.1037
2017-10-27,153.0652
2017-10-30,138.8074
2017-10-31,130.3276
2017-11-01,143.7139
2017-11-02,137.8492
2017-11-03,144.0969
2017-11-06,142.294
2017-11-07,123.2307
2017-11-08,94.0134
2017-11-09,58.8395
2017-11-10,48.4866
2017-11-13,40.7056
2017-11-14,35.7123
2017-11-15,25.2826
2017-11-16,34.2067
2017-11-17,24.2132
2017-11-20,41.1542
2017-11-21,54.2118
2017-11-22,34.616
2017-11-24,17.3383
2017-11-27,10.2902
2017-11-28,62.7892
2017-11-29,148.0496
2017-11-30,191.4063
2017-12-01,161.1635
2017-12-04,201.4184
2017-12-05,200.6155
2017-12-06,160.9862
2017-12-07,149.2774
2017-12-08,145.7515
2017-12-11,143.3856
2017-12-12,152.8022
2017-12-13,109.183
2017-12-14,81.2914
2017-12-15,98.8426
2017-12-18,144.0596
2017-12-19,129.1054
2017-12-20,101.7177
2017-12-21,86.6724
2017-12-22,81.095
2017-12-26,72.7578
2017-12-27,83.0065
2017-12-28,99.4232
2017-12-29,92.4298
